"RT @RobHanning: Blind man Inspired by ""The Stick"" in s1 of @Daredevil -- early draft had him beating the crap out of both of them! #Castle‚Ä¶",en
Salah satu poin penting yg saya anailisis sbg org yg berkecimpung di bid‚Ä¶ üì∫ Watching Marvel's Daredevil Season 1 ‚Äî https://t.co/SbmQda2bs5,in
"Marvel‚Äôs Daredevil, s02e06  Goddamn it, Frank.",en
RT @iMac_too: This appeared in Italian newspapers during UPA. Not one daredevil patrakar or media house dared to follow the story. https://‚Ä¶,en
veo la segunda temporada de daredevil????,es
Daredevil season two>>>>>>>,en
"Just finished episode 1 season 2 of Daredevil, I think I'll be out of commission for the rest of the day to watch the rest. SOOO GOOD!!!!",en
"se eu to curtindo acompanhar e conhecer gotham pode aparecer the flash, supergirl, arrow e at√© daredevil mas eu vou seguir curtindo gotham",pt
RT @iMac_too: This appeared in Italian newspapers during UPA. Not one daredevil patrakar or media house dared to follow the story. https://‚Ä¶,en
num entendir https://t.co/6gI1rYGlfv,pt
"je dois regarder the 100, fear twd, outlander, GOT, daredevil, awkward, faking it, the flash et apr√®s j'en ai d'autres mais j'ai pas que 1-",fr
Omg daredevil season 2 is major feels,en
RT @DragonflyJonez: Arya bout to be Daredevil by episode 6. Sniffing how many books are in a room and shit.,en
"Yes I'm still watching Daredevil, stop judging me Netflix!",en
I just heard Jessica jones get name dropped on daredevil and I am Excited,en
Honestly that would have been so nice. #SaveCaskett https://t.co/YsMFqZLphu,en
"Just finished season 1 of Daredevil and saw that ""The Mask You Live In"" was just recently added. Definitely... https://t.co/emCsRuH3Pr",en
"@RiotLuqi pra mim o melhor her√≥i na guerra civil √© o Daredevil, na vdd o Daniel Rand que assumiu o ddemonio, mas nao tera no filme :c",pt
RT @iMac_too: This appeared in Italian newspapers during UPA. Not one daredevil patrakar or media house dared to follow the story. https://‚Ä¶,en
RT @YourBoyFreddy: Is Arya Stark gonna be the next daredevil or am I missing something,en
Daredevil #173 G/VG 1981 Marvel Comic Book https://t.co/jbbiQ8BkiA https://t.co/FctlVDqSie,pt
Daredevil #172 VF 1981 Marvel Comic Book https://t.co/3g7ewqohvZ https://t.co/YTFGxnKZNY,en
"As a native New Yorker, this statement is very, very true. (Marvel‚Äôs Daredevil, s02e07) https://t.co/tdTa4NwwDM",en
t'was the afternoon of extravagant delight.. manny the daredevil.. jackie went missing,en
RT @INDlAN_: Batman was Daredevil!  Captain America was Human Torch!  Storm was Catwoman!  Nd we‚Äôre just gonna walk around pretending EVERY‚Ä¶,en
RT @JGValdeezy: Finally just finished @Daredevil Season 2 https://t.co/yzeJnFYf5Z,en
The blackberry 9000 daredevil immaculate offers evocative functionality: qmNwCM,en
RT @iMac_too: This appeared in Italian newspapers during UPA. Not one daredevil patrakar or media house dared to follow the story. https://‚Ä¶,en
I made a drawing while watching Daredevil. https://t.co/Lc9WinXEr0,en
≈ûimdi yani arya daredevil mƒ± ol√ßak,tr
#sinhalasub Marvels Daredevil [S02 : E10] with Sinhala Subtitles| ‡∂Ö‡∑Ñ‡∑í‡∂ª‡∑Ñ‡∑É‡∑ä ‡∑Ä‡∑ô‡∂©‡∑í‡∂ö‡∑ä‡∂ö‡∂ª‡∑î‡∑Ä‡∑è‚Ä¶.  [‡∑É‡∑í‡∂Ç‡∑Ñ‡∂Ω ‡∂ã‡∂¥‡∑É‡∑í‡∂ª‡∑É‡∑í ‡∑É‡∂∏‡∂ü]  #baiscopelk,und
RT @agentbizzle: If cancer was a movie it'd be the 30 minutes they actually cut from Batman v Superman plus the 90 minutes they actually ke‚Ä¶,en
RT @iMac_too: This appeared in Italian newspapers during UPA. Not one daredevil patrakar or media house dared to follow the story. https://‚Ä¶,en
Ani u daredevil,und
RT @iMac_too: This appeared in Italian newspapers during UPA. Not one daredevil patrakar or media house dared to follow the story. https://‚Ä¶,en
"Huge Daredevil Lot, Near Complete Run of 158-191, w/#168, Elektra, Frank Miller https://t.co/jyDLpHI1pz https://t.co/nsmV6rG2yT",da
RT @CorentinLgc: Arya elle va devenir Daredevil en fait üòè #GameofThrones #GoTSeason6,fr
I want a season 3 already @Daredevil  @netflix,en
God Daredevil is so freaking good.,en
@AdamTuliper the 100!! Lol also daredevil or Jessica jones,en
"Di sisi lain #Aries juga Egois & mudah tersinggung, Impulsif & kurang sabar, kurang bijaksana & daredevil.",in
@Maisie_Williams You are Daredevil?,en
Solo dire que el fin de la primera temporada de #DAREDEVIL fue de csm!,es
RT @WhitePeepsDo: Adrian Michael is a daredevil! https://t.co/N4QIQWL8xC,en
Marvel's Daredevil - Opening Titles - Now Streaming on Netflix https://t.co/cv74paYEeu @ YouTube„Åï„Çì„Åã„Çâ,ja
RT @agentbizzle: If cancer was a movie it'd be the 30 minutes they actually cut from Batman v Superman plus the 90 minutes they actually ke‚Ä¶,en
holy shit what a season finale to Daredevil,en
This is my city. #daredevil in #london! #night #nightout #marvel #marvelcomics #msqrd‚Ä¶ https://t.co/au0dINpjKl,en
"#MARVEL #COMICS Marvel Comics Daredevil Mini Series - Father, Noir, Battlin' Jack Murdock:  CHF 28,17A... https://t.co/9kpNMeae9P EBAY CH",en
Que buen final el de #Daredevil por de dios!!! Ojal√° haya una 3er temporada üôè üëåüëå,es
"Daredevil  #264     About  9.0       Unrestored, Nice (32) https://t.co/V3Wphw8XMH Last Second Ebay Bid ‚Ü∫RT, Favorite, Share",en
"RT @AriesLicious: Di sisi lain #Aries juga Egois & mudah tersinggung, Impulsif & kurang sabar, kurang bijaksana & daredevil.",in
Made daredevil lol,ht
"Matt Murdock: You were right, what you told me on the radio that night. Not everyone deserves a happy ending. Wilson Fisk: You! #Daredevil",en
RT @UshaSudarshan27: That time there suppose to be only two options 1) die Or  2) accept brown envelops which are documented https://t.co/d‚Ä¶,en
RT @iMac_too: This appeared in Italian newspapers during UPA. Not one daredevil patrakar or media house dared to follow the story. https://‚Ä¶,en
RT @datesrelease: #Daredevil #Season 3 #Release #Date https://t.co/Fewk171OZn,und
Marvel's Daredevil - The Dark at the End ... - S02E12 - #daredevil  https://t.co/R78QaXSiXK https://t.co/YyQddHUzAM,en
@Daredevil Is there any possibility of announcing Season 3 of #daredevil ..? It's far better when compared to Jessica Jones,en
RT @iMac_too: This appeared in Italian newspapers during UPA. Not one daredevil patrakar or media house dared to follow the story. https://‚Ä¶,en
RT @Daredevil: @phimseto @Maisie_Williams Rule #1: Learn to listen. They always give themselves away. https://t.co/bKk1uMEtKV,en
RT @noblecaboose: I made a drawing while watching Daredevil. https://t.co/Lc9WinXEr0,en
"RT @AriesLicious: Di sisi lain #Aries juga Egois & mudah tersinggung, Impulsif & kurang sabar, kurang bijaksana & daredevil.",in
@netflix I don't think you fully realize how much you saved Daredevil from the grotesque performance by Ben Afleck. Your series is amazing,en
@JonathanHall_ have you watched Daredevil? Really good show,en
"RT @RobHanning: Blind man Inspired by ""The Stick"" in s1 of @Daredevil -- early draft had him beating the crap out of both of them! #Castle‚Ä¶",en
RT @Daredevil: @phimseto @Maisie_Williams Rule #1: Learn to listen. They always give themselves away. https://t.co/bKk1uMEtKV,en
"RT @NetflixAsia: #NelsonAndMurdock, good for your heart and for your city. @Daredevil #Daredevil #Avocabros #AvocadosAtLaw https://t.co/qJX‚Ä¶",en
"@PramDizzle yeah it's Daredevil, Jessica Jones, Luke Cage and Iron Fist",en
I was confused about these Daredevil and Game Of Thrones connections but it's because there's a newly blind character that's cool.,en
"One batch, two batch. Penny and dime #Daredevil",en
@zerofailsaki pati yung daredevil haha,tl
RT @iMac_too: This appeared in Italian newspapers during UPA. Not one daredevil patrakar or media house dared to follow the story. https://‚Ä¶,en
Daredevil is the best tv serious next to game of thrones. End of discussion. #mattmurdock #blindjustice #bringonseason3 #ironfist,en
"RT @AriesLicious: Di sisi lain #Aries juga Egois & mudah tersinggung, Impulsif & kurang sabar, kurang bijaksana & daredevil.",in
"daredevil s2 spoilers!   - ""one batch, two batch, penny and dime."" - my misunderstood son (Vine by sith kylo) https://t.co/e838kGaUeP",en
"Me duermo en el autob√∫s, puto daredevil",es
@Kattknights @SuperBroMovies it's was daredevil ep 4 review,en
RT @Daredevil: @phimseto @Maisie_Williams Rule #1: Learn to listen. They always give themselves away. https://t.co/bKk1uMEtKV,en
"@forrest_turner it almost snowed on the morning of the funeral... I felt like I was in a Daredevil comic... The sky, the somberness",en
"@Tani_letona Qu√©, has estado viendo Daredevil y has dormido una hora right?",es
RT @iMac_too: This appeared in Italian newspapers during UPA. Not one daredevil patrakar or media house dared to follow the story. https://‚Ä¶,en
RT @JamesMLmusic: #Daredevil #comic @ContactUnnue https://t.co/cQZbiBQXg4 https://t.co/P10KPY6Frh,und
My god Daredevil fighting the bikers in the stairwell looked like a fucking video game & I mean that in the best way possible. üí™üí™üí™üîßüîßüîß,en
RT @iMac_too: This appeared in Italian newspapers during UPA. Not one daredevil patrakar or media house dared to follow the story. https://‚Ä¶,en
Marquei como visto Marvel's Daredevil - 1x6 - Condemned https://t.co/3kPH3V0SlH #bancodeseries,it
RT @Daredevil: We've been waiting for you. #Daredevil https://t.co/RftCQKBdKH,en
RT @PackOfWalrus: Revamp for @FludlyBoo (DareDevil Theme) Dual With @DelttaHD https://t.co/20kkZXyeHS,en
Omg I forgot about the second season of daredevil. I know what to binge watch now,en
RT @agentbizzle: If cancer was a movie it'd be the 30 minutes they actually cut from Batman v Superman plus the 90 minutes they actually ke‚Ä¶,en
Arya is going to become Daredevil by the end of Season 6. Mark my words.,en
"Elektra es ""Cielo Negro"" :O, ya a solo 1 cap√≠tulo del final de temporada, y esto esta muy bueno!!! #Daredevil",es
lagi tengah2 nonton ulang Daredevil s2 https://t.co/ZM5OH6zxw3,in
Lari maraton üöÄ üì∫ Watching Marvel's Daredevil Season 1 ‚Äî https://t.co/X8W4ipGPVf,en
Can't decide what show I'm gonna binge watch next.... #Supernatural #Daredevil #thestruggle,en
"RT @lndirecto: Si est√°s viendo alguna de, o todas estas series: Game of Thrones. Better Call Saul. Flash. Daredevil. Gotham. Doctor Who. Er‚Ä¶",es
#RosarioDawson helps superheroes who fight injustice.  And she also co-stars on #Daredevil.  #FeeltheBern  https://t.co/ON8yvsSrmj,en
Masuk episode 10 baru best daredevil. Sbb foggy and matt punya friendship hahaha.,in
"Vintage Tomy Handheld Digital Daredevil Battery Powered Electronic Game *wor https://t.co/hFKrbwjron Ebay Snipe ‚Ü∫RT, Favorite, S",en
‚ñ∫Shop Now ‚ñ∫   https://t.co/jB1g3ilWIK #CharlieCox #Daredevil #LeatherJacket #cosplay https://t.co/J8vE2X9tJ2,en
Muy fan de @Daredevil Estoy viendo la segunda temporada a cuenta gotas,es
I stalk suzi everyday to see her tweets about daredevil,en
#daredevil #marvel #drawing https://t.co/D6FLwhiGoE,und
RT @iMac_too: This appeared in Italian newspapers during UPA. Not one daredevil patrakar or media house dared to follow the story. https://‚Ä¶,en
"#toys #games #buy Daredevil TV - Matt Murdock - Funko Pop! Marvel (2016, Toy NUEVO): 11,8... https://t.co/gSBcoI6Az8 #eBay #deals #buynow",es
@MissesVlog Daredevil üòÑüòá,it
@eltalcha @Daredevil Una verdadera joya! Saludos Cha!,es
Daredevil love life by the numbers - Top 10 https://t.co/iyRDkVnzS2 https://t.co/5axzCd7Lhf,en
Daredevil is crazy..,en
@Maisie_Williams Since Sophia is Sansa and an X-Men (Jean Grey)... You're Arya and ?? Daredevil? #ComicCrossover https://t.co/CDPMh45O49,ht
@ClarisaDaniel1 Daredevil üëåüèº,it
#Daredevil 2. kausi arvosteltuna. Parempi kuin eka? Ehk√§. Lue: https://t.co/719Edx7nCt #XTV @xteevee,fi
"RT @LuisdCorona: Elektra es ""Cielo Negro"" :O, ya a solo 1 cap√≠tulo del final de temporada, y esto esta muy bueno!!! #Daredevil",es
Do I watch Sneaky or Daredevil before I go to sleep,en
RT @_mikecutz: Daredevil is crazy..,en
"@pete_raju @aksituuh Agents of Shield, Grey's Anatomy, The Flash, Arrow, Legends of Tomorrow, Daredevil, Friends, The Big Bang Theory.",en
Quiero un partner para hablar de Daredevil,es
"RT @yukina1223: @yukina1223  ÈñãÂÇ¨Êó•ÊôÇ2016/4/28-5/1 Âú®Âªä„Ç´„É°„É©„Éû„É≥yukina29Êó•„Äú1Êó• „É¢„Éá„É´Âú®Âªähalt @EdelXIII ,„É¢„É¢„Éè„É´ @100hal  30Êó•„ÄÅ1Êó•Âú®Âªä Ë©≥Á¥∞‚Üíhttps://t.co/zHmkrZFkGS",ja
slowly getting through season 2 of daredevil bc i'm gonna be sad when it's over,en
RT @Daredevil: Marvel's @Daredevil Season 2 playing in 15...14...13...12‚Ä¶‚Ä¶.NOW. #Daredevil https://t.co/KlFRU27bNv,en
idk how i feel about daredevil. she should've died üôÑ,en
RT @iMac_too: This appeared in Italian newspapers during UPA. Not one daredevil patrakar or media house dared to follow the story. https://‚Ä¶,en
RT @iMac_too: This appeared in Italian newspapers during UPA. Not one daredevil patrakar or media house dared to follow the story. https://‚Ä¶,en
"@shelbyyyjjo not sure what u like but a couple series.. Daredevil, The Ranch is good, funny serious.. A little bit of everything.",en
@opassabeach BYE SHIT KIDS HELLO DAREDEVIL,en
RT @iMac_too: This appeared in Italian newspapers during UPA. Not one daredevil patrakar or media house dared to follow the story. https://‚Ä¶,en
Tv-sarja-arviossa @Netflix_FI'n #daredevilseason2:  https://t.co/rxCcCjpOWb,fi
RT @DailyMailPics: Daredevil motorcyclist riding at high speed around a frozen lake in Russia https://t.co/6quOOHVQxA https://t.co/HYrdUBHA‚Ä¶,en
RT @agentbizzle: If cancer was a movie it'd be the 30 minutes they actually cut from Batman v Superman plus the 90 minutes they actually ke‚Ä¶,en
This #hoverboard daredevil is truly living on the edge! olegcricket's video https://t.co/YOzZHQh6uP,en
"@Cassandra2174 Right? btw,  i put walking dead on hold, caught up with blacklist, next daredevil finally so that should make you happy.",en
RT @iMac_too: This appeared in Italian newspapers during UPA. Not one daredevil patrakar or media house dared to follow the story. https://‚Ä¶,en
RT @HoverParkLLC: This #hoverboard daredevil is truly living on the edge! olegcricket's video https://t.co/YOzZHQh6uP,en
@Jpowers202 I was thinking Daredevil! Heard its pretty good.,en
Marvels Daredevil and Luke Cage getting the upgrade treatment too.,en
@colettebrowne also slagged off Daredevil as sup par from Netflix,en
Daredevil lit,it
RT @Daredevil: We've been waiting for you. #Daredevil https://t.co/RftCQKBdKH,en
RT @iMac_too: This appeared in Italian newspapers during UPA. Not one daredevil patrakar or media house dared to follow the story. https://‚Ä¶,en
RT @avengeiras: ARYA DAREDEVIL STARK #GameofThrones,en
RT @iMac_too: This appeared in Italian newspapers during UPA. Not one daredevil patrakar or media house dared to follow the story. https://‚Ä¶,en
UNDEAD DAREDEVIL facebook page https://t.co/7AfNX0EXer HP!! https://t.co/jYZwwf7maJ,en
DAREDEVIL ON NETFLIX üêêüêêüêêüêê,en
I was gonna get drunk and watch some Daredevil (finally) but instead I think I'll just stay drunk and keep listening to music.  ¬Ø\_(„ÉÑ)_/¬Ø,en
