en,XannyTrejo,RT @VanceKovacs: Concept Art for Jungle Book. More here: https://t.co/Tk4pSUG3Bq https://t.co/kzXbymNhdM
en,UnknownComment,'Jungle Book' Rules Over 'The Huntsman: Winter's War' https://t.co/zRqEP3oC5B
en,Cku_ImmaThugg,I wanna go see The Jungle Book
WISH_TV, ‚ÄòJungle Book‚Äô reigns https://t.co/UoDF5lbwZ8,‚ÄòHuntsman‚Äô sequel misfires
en,Lamb4Lyfe327,RT @oliviabreannax3: I still want to see jungle book lmao
en,kaylicauley,seeing the jungle book with some of my favorite people made me happyüòå‚ù§Ô∏è @good_mckenzie @swytchblayde28
en,Amalu786,watching The Jungle Book
en,bestte247news,'Huntsman' gets iced by 'Jungle Book' at weekend box office... https://t.co/zdo30vHDEH https://t.co/9RPCN55o1l
en,jamie_graham9,Just caught up with The Jungle Book. Transfixed & thrilled throughout. One of only 4 or 5 films that benefit from 3D
th,SIRAKANLAYI,RT @GossipGun: 'The Jungle Book' ‡∏Ñ‡∏£‡∏≠‡∏á‡∏≠‡∏±‡∏ô‡∏î‡∏±‡∏ö 1 ‡πÉ‡∏ô‡∏≠‡πÄ‡∏°‡∏£‡∏¥‡∏Å‡∏≤‡∏ï‡πà‡∏≠‡∏î‡πâ‡∏ß‡∏¢‡∏£‡∏≤‡∏¢‡πÑ‡∏î‡πâ $60 ‡∏•‡πâ‡∏≤‡∏ô ‡∏ó‡∏≥‡πÉ‡∏´‡πâ‡∏£‡∏≤‡∏¢‡πÑ‡∏î‡πâ‡∏£‡∏ß‡∏°‡∏≠‡∏¢‡∏π‡πà‡∏ó‡∏µ‡πà $191 ‡∏•‡πâ‡∏≤‡∏ô ‡∏£‡∏µ‡∏ß‡∏¥‡∏ß‡∏î‡∏µ ‡∏õ‡∏≤‡∏Å‡∏ï‡πà‡∏≠‡∏õ‡∏≤‡∏Å‡∏î‡∏µ https://t‚Ä¶
en,AtulJMehta1,Jungle book is a great movie.Enjoyed in 3D Hindi
en,Supremejackson1,I wanna see jungle book
en,_thebritishgirl,wait till 7  https://t.co/oG49n9HjVd
en,samkibble87,The Jungle Book is well worth the extortionate cinema prices! #barenecessities #TheJungleBook
th,navaritthiin,RT @GossipGun: 'The Jungle Book' ‡∏Ñ‡∏£‡∏≠‡∏á‡∏≠‡∏±‡∏ô‡∏î‡∏±‡∏ö 1 ‡πÉ‡∏ô‡∏≠‡πÄ‡∏°‡∏£‡∏¥‡∏Å‡∏≤‡∏ï‡πà‡∏≠‡∏î‡πâ‡∏ß‡∏¢‡∏£‡∏≤‡∏¢‡πÑ‡∏î‡πâ $60 ‡∏•‡πâ‡∏≤‡∏ô ‡∏ó‡∏≥‡πÉ‡∏´‡πâ‡∏£‡∏≤‡∏¢‡πÑ‡∏î‡πâ‡∏£‡∏ß‡∏°‡∏≠‡∏¢‡∏π‡πà‡∏ó‡∏µ‡πà $191 ‡∏•‡πâ‡∏≤‡∏ô ‡∏£‡∏µ‡∏ß‡∏¥‡∏ß‡∏î‡∏µ ‡∏õ‡∏≤‡∏Å‡∏ï‡πà‡∏≠‡∏õ‡∏≤‡∏Å‡∏î‡∏µ https://t‚Ä¶
en,giannarenaee,RT @marilyn_figgy: I love the jungle book movie!
en,_kuhle_,I loved it üòù https://t.co/Y7jt6E7GPc
es,AnakarenRmz,"I'm at Cin√©polis for The Jungle Book in Tuxtla Guti√©rrez, Chis., CHIS https://t.co/jduhPFT8Qc"
th,meow_us,RT @GossipGun: 'The Jungle Book' ‡∏Ñ‡∏£‡∏≠‡∏á‡∏≠‡∏±‡∏ô‡∏î‡∏±‡∏ö 1 ‡πÉ‡∏ô‡∏≠‡πÄ‡∏°‡∏£‡∏¥‡∏Å‡∏≤‡∏ï‡πà‡∏≠‡∏î‡πâ‡∏ß‡∏¢‡∏£‡∏≤‡∏¢‡πÑ‡∏î‡πâ $60 ‡∏•‡πâ‡∏≤‡∏ô ‡∏ó‡∏≥‡πÉ‡∏´‡πâ‡∏£‡∏≤‡∏¢‡πÑ‡∏î‡πâ‡∏£‡∏ß‡∏°‡∏≠‡∏¢‡∏π‡πà‡∏ó‡∏µ‡πà $191 ‡∏•‡πâ‡∏≤‡∏ô ‡∏£‡∏µ‡∏ß‡∏¥‡∏ß‡∏î‡∏µ ‡∏õ‡∏≤‡∏Å‡∏ï‡πà‡∏≠‡∏õ‡∏≤‡∏Å‡∏î‡∏µ https://t‚Ä¶
en,Team2Market,'Jungle Book' Rules Over 'The Huntsman: Winter's War' https://t.co/i2THEJ3J7d
th,ayeauthaiwdee,RT @GossipGun: 'The Jungle Book' ‡∏Ñ‡∏£‡∏≠‡∏á‡∏≠‡∏±‡∏ô‡∏î‡∏±‡∏ö 1 ‡πÉ‡∏ô‡∏≠‡πÄ‡∏°‡∏£‡∏¥‡∏Å‡∏≤‡∏ï‡πà‡∏≠‡∏î‡πâ‡∏ß‡∏¢‡∏£‡∏≤‡∏¢‡πÑ‡∏î‡πâ $60 ‡∏•‡πâ‡∏≤‡∏ô ‡∏ó‡∏≥‡πÉ‡∏´‡πâ‡∏£‡∏≤‡∏¢‡πÑ‡∏î‡πâ‡∏£‡∏ß‡∏°‡∏≠‡∏¢‡∏π‡πà‡∏ó‡∏µ‡πà $191 ‡∏•‡πâ‡∏≤‡∏ô ‡∏£‡∏µ‡∏ß‡∏¥‡∏ß‡∏î‡∏µ ‡∏õ‡∏≤‡∏Å‡∏ï‡πà‡∏≠‡∏õ‡∏≤‡∏Å‡∏î‡∏µ https://t‚Ä¶
es,JoseAlvarado777,Descargar The Jungle Book (El libro de la selva) (2016) 1 Link Mega https://t.co/kAKf274Anq
en,GgAllan_,RT @JacobMillMusic: The new Jungle Book movie might be confusing to today's kids who don't remember when we had jungles. Or books...
en,jaleesamattear,I am beyond excited for Jungle Book ‚ù§üë´Ô∏èüêíüêçüìΩ
th,EmmaAjirawadee,RT @GossipGun: 'The Jungle Book' ‡∏Ñ‡∏£‡∏≠‡∏á‡∏≠‡∏±‡∏ô‡∏î‡∏±‡∏ö 1 ‡πÉ‡∏ô‡∏≠‡πÄ‡∏°‡∏£‡∏¥‡∏Å‡∏≤‡∏ï‡πà‡∏≠‡∏î‡πâ‡∏ß‡∏¢‡∏£‡∏≤‡∏¢‡πÑ‡∏î‡πâ $60 ‡∏•‡πâ‡∏≤‡∏ô ‡∏ó‡∏≥‡πÉ‡∏´‡πâ‡∏£‡∏≤‡∏¢‡πÑ‡∏î‡πâ‡∏£‡∏ß‡∏°‡∏≠‡∏¢‡∏π‡πà‡∏ó‡∏µ‡πà $191 ‡∏•‡πâ‡∏≤‡∏ô ‡∏£‡∏µ‡∏ß‡∏¥‡∏ß‡∏î‡∏µ ‡∏õ‡∏≤‡∏Å‡∏ï‡πà‡∏≠‡∏õ‡∏≤‡∏Å‡∏î‡∏µ https://t‚Ä¶
en,allbusiness365,Im tryna go see Jungle Book
thephillyvoice, 'Jungle Book' reigns https://t.co/xZ6RQ90Li6,Box Office: 'Huntsman' sequel misfires
en,tommytilz,Jungle Book at 8.30 in rubery - that'll do.   Cheesey nachos and jalape√±os üòç. Not been to the cinema on my own since 8 mile üòÇ
en,diannaRmccaleb,who wanna go see jungle book wit me tonightüòèüôÇ
en,_DottiePetty,I want to see the jungle book üôÉ
en,IDXFox,'Jungle Book' Rules Over 'The Huntsman: Winter's War' https://t.co/O0oRiJ3dia
en,musicalfr3ak,Omg the Jungle Book was so good and the cinematography wowed me... wow...
th,_FFEAR,RT @GossipGun: 'The Jungle Book' ‡∏Ñ‡∏£‡∏≠‡∏á‡∏≠‡∏±‡∏ô‡∏î‡∏±‡∏ö 1 ‡πÉ‡∏ô‡∏≠‡πÄ‡∏°‡∏£‡∏¥‡∏Å‡∏≤‡∏ï‡πà‡∏≠‡∏î‡πâ‡∏ß‡∏¢‡∏£‡∏≤‡∏¢‡πÑ‡∏î‡πâ $60 ‡∏•‡πâ‡∏≤‡∏ô ‡∏ó‡∏≥‡πÉ‡∏´‡πâ‡∏£‡∏≤‡∏¢‡πÑ‡∏î‡πâ‡∏£‡∏ß‡∏°‡∏≠‡∏¢‡∏π‡πà‡∏ó‡∏µ‡πà $191 ‡∏•‡πâ‡∏≤‡∏ô ‡∏£‡∏µ‡∏ß‡∏¥‡∏ß‡∏î‡∏µ ‡∏õ‡∏≤‡∏Å‡∏ï‡πà‡∏≠‡∏õ‡∏≤‡∏Å‡∏î‡∏µ https://t‚Ä¶
en,tanhaarzoo6600,Ûæ†£ Ûæ¨ë DOWNLOADING <3 THE JUNGLE BOOK <3 LOVERX .COM Ûæ†£ Ûæ¨ë
en,_reyesss_,Finally I get to see jungle book üò≠üò≠üò≠
en,BABY_BELLLZZZ,RT @SarahNicolXO: REALLY wanna see The Jungle Book üìΩüêªüçÉüêÖ
en,newworldfilmsco,RT @Raindance: [WATCH] A look at the #VFX making of the new The Jungle Book film https://t.co/uOaUE0WKP7 https://t.co/kXGgI0Crkc
en,sheyvalentin,Closest thing I can get to a baby wolf is a husky...I'm getting a husky and I'm gonna name him gray like the cute wolf in jungle book.
th,zennabae,RT @GossipGun: 'The Jungle Book' ‡∏Ñ‡∏£‡∏≠‡∏á‡∏≠‡∏±‡∏ô‡∏î‡∏±‡∏ö 1 ‡πÉ‡∏ô‡∏≠‡πÄ‡∏°‡∏£‡∏¥‡∏Å‡∏≤‡∏ï‡πà‡∏≠‡∏î‡πâ‡∏ß‡∏¢‡∏£‡∏≤‡∏¢‡πÑ‡∏î‡πâ $60 ‡∏•‡πâ‡∏≤‡∏ô ‡∏ó‡∏≥‡πÉ‡∏´‡πâ‡∏£‡∏≤‡∏¢‡πÑ‡∏î‡πâ‡∏£‡∏ß‡∏°‡∏≠‡∏¢‡∏π‡πà‡∏ó‡∏µ‡πà $191 ‡∏•‡πâ‡∏≤‡∏ô ‡∏£‡∏µ‡∏ß‡∏¥‡∏ß‡∏î‡∏µ ‡∏õ‡∏≤‡∏Å‡∏ï‡πà‡∏≠‡∏õ‡∏≤‡∏Å‡∏î‡∏µ https://t‚Ä¶
en,cazbennettt,The Jungle Book is so good üêµüêØüêªüêçüòÑüòÑ
en,Karina_SoBased,I saw The Jungle Book and omg cutest movie ever üòç
fr,Granaino_BUAB,RT @B3zero: üá∫üá∏üé• Le #LivredelaJungle toujours le roi du #box-office #US. #JungleBook  https://t.co/EIYeANTyAj https://t.co/vGA9j5mFIf
en,p_angelica22,"voy a ver ""the jungle book""  https://t.co/pfRV5z33nx"
en,nappyfro_,RT @Always_HTTR: The Jungle Book was a fantastic movie
en,rem16727,@marykateatwork sorry I can't join. I'm seeing jungle book 3d.
en,beccalala34,K but Jungle Book was actually adorable and I cried like 10 times cause feels
en,JocelyneVelasq1,RT @emii_zarcenoo: The jungle book was so gooood!
th,SuPizPiz,‡∏ó‡∏≥‡πÑ‡∏°‡∏™‡∏±‡∏ï‡∏ß‡πå‡∏ó‡∏∏‡∏Å‡∏ï‡∏±‡∏ß‡πÉ‡∏ôJungle book ‡∏ñ‡∏∂‡∏á‡∏°‡∏≠‡∏á‡πÄ‡∏ä‡∏µ‡∏¢‡∏£‡πå‡∏Ñ‡∏≤‡∏ô‡πÄ‡∏õ‡πá‡∏ô‡∏ï‡∏±‡∏ß‡∏£‡πâ‡∏≤‡∏¢ ‡∏ó‡∏±‡πâ‡∏á‡πÜ‡∏ó‡∏µ‡πà‡πÄ‡∏ä‡∏µ‡∏¢‡∏£‡πå‡∏Ñ‡∏≤‡∏ô‡∏û‡∏¢‡∏≤‡∏¢‡∏≤‡∏°‡∏õ‡∏Å‡∏õ‡πâ‡∏≠‡∏á‡∏ú‡∏∑‡∏ô‡∏õ‡πà‡∏≤‡∏à‡∏≤‡∏Å‡∏°‡∏ô‡∏∏‡∏©‡∏¢‡πå ‡∏ï‡∏≠‡∏ô‡∏ó‡∏µ‡πà‡πÄ‡∏°‡∏≤‡∏Ñ‡∏•‡∏µ‡∏ó‡∏≥‡πÑ‡∏ü‡πÑ‡∏´‡∏°‡πâ‡∏ó‡∏≥‡πÑ‡∏°‡πÑ‡∏°‡πà‡∏°‡∏µ‡πÉ‡∏Ñ‡∏£‡πÇ‡∏Å‡∏£‡∏ò
en,BusMinCommunity,business: Disney's 'The Jungle Book' easily beat Universal Pictures‚Äô 'The Huntsman' at the box office ‚Ä¶ https://t.co/p9uf3VduDF
en,CHRISPsyapyh,RT @DJDoug_theKing: Wow RT @DJMEECHIE: I wanna see jungle book I heard mad single moms be up in there
und,Rissarelllii,üëÄ https://t.co/5KyjJis3UO
en,LaunaSampsell,"Going to Burlington to watch The Jungle Book, then Putt Around to the batting cages, golf and ice cream!"
und,famousshyguy,üíØüíØüíØ https://t.co/qUK2HCBjQA
Indianapolis_NC, ‚ÄòJungle Book‚Äô reigns https://t.co/3YzsSunWpC,‚ÄòHuntsman‚Äô sequel misfires
ar,Toosha_mahmeed,The Jungle Book ŸÖŸÜ ÿ£ÿ≥ÿÆŸÅ ÿßŸÑÿ£ŸÅŸÑÿßŸÖ ÿßŸÑŸÑŸä ÿ±ÿ≠ÿ™ ŸÑŸáÿß ŸáÿßŸÑÿ≥ŸÜÿ© Ÿà ŸäŸÖŸÑŸÑ üôÇ.. #overrated
en,arehoneb,The jungle book is such a beautiful movie üé¨‚ù§
en,Salmael97,RT @camilacabello97: anyway I saw the jungle book and it was just MAGICAL
en,EllenRosexo,Reallyyyyyy want to go and see jungle booküò©üòÅüêØüêíüêç
en,kikiipenaa,RT @marilyn_figgy: I love the jungle book movie!
en,saskinsss,Jungle book is so good !!! Don't remember King Louie being that terrifying though ?! üò∞
en,AnimationArtist,RT @disneylandwrlds: Things will look better in the morning. ‚ÄìBagheera (The Jungle Book)
en,xoxzahrahxox,The jungle book was such a beautiful film
en,BeHappyQuotes2u,"RT @chicagotribune: ""The Jungle Book"" retains top weekend box office spot, icing out ""The Huntsman:Winter's War"" https://t.co/5d0IIDGiB9 ht‚Ä¶"
en,faithfulpadfoot,The jungle book was an experience I am emotionally drained in the best way possible and I love Mowglis two dads
en,_chy21,RT @shaaymuni_: need to go watch jungle book
en,amy_conder,Jungle book was so goodüò´
en,MeganWalshx,Disney have absolutely killed it with The Jungle Book ‚ú®‚ú®‚ù§Ô∏è
en,DatTormeyFela,"Heading to see the Jungle Book later. Not sure if I'm more excited for it, or the large hangover cure that is cinema Coke."
en,mbaladez18,RT @dkueker8: really wanna go see the jungle booküôÇ
th,SHIxB21,RT @GossipGun: 'The Jungle Book' ‡∏Ñ‡∏£‡∏≠‡∏á‡∏≠‡∏±‡∏ô‡∏î‡∏±‡∏ö 1 ‡πÉ‡∏ô‡∏≠‡πÄ‡∏°‡∏£‡∏¥‡∏Å‡∏≤‡∏ï‡πà‡∏≠‡∏î‡πâ‡∏ß‡∏¢‡∏£‡∏≤‡∏¢‡πÑ‡∏î‡πâ $60 ‡∏•‡πâ‡∏≤‡∏ô ‡∏ó‡∏≥‡πÉ‡∏´‡πâ‡∏£‡∏≤‡∏¢‡πÑ‡∏î‡πâ‡∏£‡∏ß‡∏°‡∏≠‡∏¢‡∏π‡πà‡∏ó‡∏µ‡πà $191 ‡∏•‡πâ‡∏≤‡∏ô ‡∏£‡∏µ‡∏ß‡∏¥‡∏ß‡∏î‡∏µ ‡∏õ‡∏≤‡∏Å‡∏ï‡πà‡∏≠‡∏õ‡∏≤‡∏Å‡∏î‡∏µ https://t‚Ä¶
en,particlenewsapp,'The Jungle Book' Wins the Weekend - Kipling tale's total take: $191M https://t.co/00EZwViU8g
en,ecwho,Box office report: 'Jungle Book' easily bests 'Huntsman: Winter√¢¬Ä¬ôs War' https://t.co/DkbzHvANHW
en,Princesss_Chris,When me and @_KomaMaleko were suppose to see Jungle Book @1 and its 12:36 and he's STILL sleeping .. üòë
de,MrXboxfan99,War grade in The Jungle Book. Ziemlich guter Film der etwas d√ºsterer ist als der Disney Klassiker. :)
