Negative,"@switchfoot http://twitpic.com/2y1zl - Awww, that's a bummer.  You shoulda got David Carr of Third Day to do it. ;D"
Negative,is upset that he can't update his Facebook by texting it... and might cry as a result  School today also. Blah!
Negative,@Kenichan I dived many times for the ball. Managed to save 50%  The rest go out of bounds
Negative,my whole body feels itchy and like its on fire 
Negative,"@nationwideclass no, it's not behaving at all. i'm mad. why am i here? because I can't see you all over there. "
Negative,@Kwesidei not the whole crew 
Negative,Need a hug 
Negative,"@LOLTrish hey  long time no see! Yes.. Rains a bit ,only a bit  LOL , I'm fine thanks , how's you ?"
Negative,@Tatiana_K nope they didn't have it 
Negative,@twittera que me muera ? 
Negative,spring break in plain city... it's snowing 
Negative,I just re-pierced my ears 
Negative,@caregiving I couldn't bear to watch it.  And I thought the UA loss was embarrassing . . . . .
Negative,"@octolinz16 It it counts, idk why I did either. you never talk to me anymore "
Negative,"@smarrison i would've been the first, but i didn't have a gun.    not really though, zac snyder's just a doucheclown."
Negative,@iamjazzyfizzle I wish I got to watch it with you!! I miss you and @iamlilnicki  how was the premiere?!
Negative,Hollis' death scene will hurt me severely to watch on film  wry is directors cut not out now?
Negative,about to file taxes 
Negative,@LettyA ahh ive always wanted to see rent  love the soundtrack!!
Negative,@FakerPattyPattz Oh dear. Were you drinking out of the forgotten table drinks? 
Negative,@alydesigns i was out most of the day so didn't get much done 
Negative,"one of my friend called me, and asked to meet with her at Mid Valley today...but i've no time *sigh* "
Negative,@angry_barista I baked you a cake but I ated it 
Negative,this week is not going as i had hoped 
Negative,blagh class at 8 tomorrow 
Negative,I hate when I have to call and wake people up 
Negative,Just going to cry myself to sleep after watching Marley and Me.  
Negative,im sad now  Miss.Lilly
Negative,ooooh.... LOL  that leslie.... and ok I won't do it again so leslie won't  get mad again 
Negative,Meh... Almost Lover is the exception... this track gets me depressed every time. 
Negative,some1 hacked my account on aim  now i have to make a new one
Negative,@alielayus I want to go to promote GEAR AND GROOVE but unfornately no ride there  I may b going to the one in Anaheim in May though
Negative,thought sleeping in was an option tomorrow but realizing that it now is not. evaluations in the morning and work in the afternoon! 
Negative,@julieebaby awe i love you too!!!! 1 am here  i miss you
Negative,@HumpNinja I cry my asian eyes to sleep at night 
Negative,ok I'm sick and spent an hour sitting in the shower cause I was too sick to stand and held back the puke like a champ. BED now 
Negative,@cocomix04 ill tell ya the story later  not a good day and ill be workin for like three more hours...
Negative,@MissXu sorry! bed time came here (GMT+1)   http://is.gd/fNge
Negative,@fleurylis I don't either. Its depressing. I don't think I even want to know about the kids in suitcases. 
Negative,Bed. Class 8-12. Work 12-3. Gym 3-5 or 6. Then class 6-10. Another day that's gonna fly by. I miss my girlfriend 
Negative,really don't feel like getting up today... but got to study to for tomorrows practical exam... 
Negative,He's the reason for the teardrops on my guitar the only one who has enough of me to break my heart 
Negative,"Sad, sad, sad. I don't know why but I hate this feeling  I wanna sleep and I still can't!"
Negative,@JonathanRKnight Awww I soo wish I was there to see you finally comfortable! Im sad that I missed it 
Negative,Falling asleep. Just heard about that Tracy girl's body being found. How sad  My heart breaks for that family.
Negative,@Viennah Yay! I'm happy for you with your job! But that also means less time for me and you... 
Negative,"Just checked my user timeline on my blackberry, it looks like the twanking is still happening  Are ppl still having probs w/ BGs and UIDs?"
Negative,Oh man...was ironing @jeancjumbe's fave top to wear to a meeting. Burnt it 
Negative,is strangely sad about LiLo and SamRo breaking up. 
Negative,@tea oh! i'm so sorry  i didn't think about that before retweeting.
Negative,Broadband plan 'a massive broken promise' http://tinyurl.com/dcuc33 via www.diigo.com/~tautao Still waiting for broadband we are 
Negative,"@localtweeps Wow, tons of replies from you, may have to unfollow so I can see my friends' tweets, you're scrolling the feed a lot. "
Negative,our duck and chicken are taking wayyy too long to hatch 
Negative,"Put vacation photos online a few yrs ago. PC crashed, and now I forget the name of the site. "
Negative,I need a hug 
Negative,"@andywana Not sure what they are, only that they are PoS! As much as I want to, I dont think can trade away company assets sorry andy! "
Negative,@oanhLove I hate when that happens... 
Negative,"I have a sad feeling that Dallas is not going to show up  I gotta say though, you'd think more shows would use music from the game. mmm"
Negative,Ugh....92 degrees tomorrow 
Negative,Where did u move to?  I thought u were already in sd. ?? Hmmm. Random u found me. Glad to hear yer doing well.
Negative,"@BatManYNG I miss my ps3, it's out of commission  Wutcha playing? Have you copped 'Blood On The Sand'?"
Negative,just leaving the parking lot of work! 
Negative,The Life is cool. But not for Me. 
Negative,"Sadly though, I've never gotten to experience the post coitus cigarette before, and now I never will. "
Negative,I had such a nice day. Too bad the rain comes in tomorrow at 5am 
Negative,@Starrbby too bad I won't be around I lost my job and can't even pay my phone bill lmao aw shucks 
Negative,Damm back to school tomorrow 
Negative,"Mo jobs, no money.  how in the hell is min wage here 4 f'n clams an hour?"
Negative,@katortiz  Not forever... See you soon!
Negative,"@Lt_Algonquin agreed, I saw the failwhale allllll day today. "
Negative,@jdarter Oh! Haha... dude I dont really look at em unless someone says HEY I ADDED YOU. Sorry  I'm so terrible at that. I need a pop up!
Negative,@ninjen I'm sure you're right...    I need to start working out with you and the Nikster... Or Jared at least!
Negative,i really hate how people diss my bands!  Trace is clearly NOT ugly!
Negative,"Gym attire today was: Puma singlet, Adidas shorts.......and black business socks and leather shoes  Lucky did not run into any cute girls."
Negative,Why won't you show my location?!   http://twitpic.com/2y2es
Negative,No picnic  my phone smells like citrus.
Negative,"@ashleyac My donkey is sensitive about such comments. Nevertheless, he'd (and me'd) be glad to see your mug asap. Charger is still awol. "
Negative,No new csi tonight.  FML
Negative,i think my arms are sore from tennis 
Negative,wonders why someone that u like so much can make you so unhappy in a split seccond . depressed . 
Negative,sleep soon... i just hate saying bye and see you tomorrow for the night. 
Negative,"@statravelAU just got ur newsletter, those fares really are unbelievable, shame I already booked and paid for mine "
Negative,missin' the boo 
Negative,@markhardy1974 Me too  #itm
Negative,Damn... I don't have any chalk! MY CHALKBOARD IS USELESS 
Negative,"had a blast at the Getty Villa, but hates that she's had a sore throat all day. It's just getting worse too "
Negative,@msdrama hey missed ya at the meeting  sup mama
Negative,"My tummy hurts.  I wonder if the hypnosis has anything to do with it? If so, it's working, I get it, STOP SMOKING!!!"
Negative,why is it always the fat ones?! 
Negative,"@januarycrimson Sorry, babe!!  My fam annoys me too. Thankfully, they're asleep right now. Muahaha. *evil laugh*"
Negative,@Hollywoodheat I should have paid more attention when we covered photoshop in my webpage design class in undergrad 
Negative,wednesday my b-day! don't know what 2 do!! 
Negative,Poor cameron (the hills) 
Negative,"pray for me please, the ex is threatening to start sh** at my/our babies 1st Birthday party. what a jerk. and I still have a headache "
Negative,"@makeherfamous hmm  , do u really enjoy being with him ? if the problems are too constants u should think things more , find someone ulike"
Negative,Strider is a sick little puppy  http://apps.facebook.com/dogbook/profile/view/5248435
Negative,"so rylee,grace...wana go steve's party or not?? SADLY SINCE ITS EASTER I WNT B ABLE 2 DO MUCH  BUT OHH WELL....."
Negative,"hey, I actually won one of my bracket pools! Too bad it wasn't the one for money "
Negative,"@stark YOU don't follow me, either  and i work for you!"
Negative,A bad nite for the favorite teams: Astros and Spartans lose.  The nite out with T.W. was good.
Negative, Body Of Missing Northern Calif. Girl Found: Police have found the remains of a missing Northern California girl .. http://tr.im/imji
Negative,"@mangaaa I hope they will increase the capacity fast, yesterday was such a pain. Got the fail whale +15 times in 2 hours.... "
Negative,Behind on my classes for work 
Negative,watching &quot;House&quot; 
Negative,@kpreyes Remember my bum leg? Strikes back this time its serious 
Negative,"@paradisej cool, i will. their are all kinds of complaints about this laptop online about overheating, but no recalls "
Negative,Emily will be glad when Mommy is done training at her new job. She misses her.  http://apps.facebook.com/dogbook/profile/view/6176014
Negative,would rather the first party send bad messages than the 3rd party send mixed ones  Sophmore year all over again?
Negative,@Henkuyinepu it's overrated 
Negative,@marykatherine_q i know! I heard it this afternoon and wondered the same thing. Moscow is so behind the times 
Negative,laying in bed with no voice.. 
Negative,I'm sooo sad!!! they killed off Kutner on House  whyyyyyyyy
Negative,@jacobsummers Sorry  tell them mea culpa from me and that I really am sorry.
Negative,"@Alliana07 it didn't make any sense to me, the suicide thing. I refuse to believe that that is actually what happened. "
Negative,@salancaster  hope your ok.
Negative,@mercedesashley Damn! The grind is inspirational and saddening at the same time.  Don't want you to stop cuz I like what u do! Much love
Negative,@HibaNick yeah aw but i know i wudnt stand a chance 
Negative,ugh. cant sleep. its 1:30am. 
Negative,Hanging in Crooners. Wanna sing. Can't. Sucks. 
Negative,@eRRe_sC aaw i miss ya all too.. im leaving to BH tomorrow &quot;morning&quot; i think.. aww i wanna go to the beach w u girls!! 
Negative,Is pissed off that there's no ASBA's for a radio station. 
Negative,wednesday my b-day n don't know what 2 do!  
Negative,I know my life has been flipped upside down when I just thought in my head that some Ramen sounds good. 
Negative,I am in pain. My back and sides hurt. Not to mention crying is made of fail. 
Negative,"Late night snack, glass of OJ b/c I'm &quot;down with the sickness&quot;, then back to sleep...ugh I hate getting sick... "
Negative,@allyheman but.. but.. but.. I'm not a big fan on camilla belle 
Negative,"@grum WAH I can't see clip, must be el-stupido work filters. Can't wait 'till I get a 'puter. Something else 2 blame ex 4. He broke mine "
Negative,This week just seems to get longer and longer in terms of how much I need to do.. and how much I'm actually going to get done 
Negative,I'm so cold 
Negative,@thecoolestout Ehhh don't. Weather's gonna take a turn for the ugly tomorrow 
Negative,@chelserlynn haha its so cooooold in the d! and no  but you should still go to the show. they do some incredible stuff
Negative,Hoping the tummy rumbles go away soon 
Negative,"@Knights_ No, no notice. They told me I'd be working tomorrow, and then I called the agency to follow up and they said it was over. "
Negative,almost bedtime 
Negative,I'm missing you babe..  but as long as your alive I'm happy.. Yawwwnn.. I'm tired my love imma try to sleep hopefully you had a headstart
Negative,Agh...snow!!! 
Negative,i miss kenny powers 
Negative,"@BridgetsBeaches Thank you for letting people know, but now I'm sad that the direct message I got wasn't actually from Bridget "
Negative,"...and, India missed out its 100th Test victory n 10th consecutive win without a loss. "
Negative,@JonathanRKnight I guess that's a no then. 
Negative,sadly is going to bed. 
Negative,@ozesteph1992 Shame to hear this Stephan 
Negative,@mrsaintnick hey! i'm leavin in the morning... 
Negative,"Was intending to finish editing my 536-page novel manuscript tonight, but that will probably not happen. And only 12 pages are left "
Negative,laid around too much today... now my head hurts 
Negative,@twista202 I still haven't read the 9th&amp;10th Princess diaries  Saving Francesca made me cry at the end. Hmm those are easy books.
Negative,my nokia 1110 died..  
Negative,My mom might have breast cancer won't find out anything for. Like a week I'm so worried! 
Negative,Going to sleep. Hoping tomorrow is a better day. 
Negative,@rumblepurr lol.. wish they understood daylight savings has ended though and breakfast is an hour later  They keep waking the kids up too
Negative,@onemoreproject that is lame 
Negative,I don't understand... I really don't 
Negative,HEROES just isn't doing it for me this season... 
Negative,Living not downtown sure isn't much fun.  
Negative,@jonathanchard Not calorie wise   I wish junk food was calorie free! I ate a thing of sour skittles and a big ass cherry coke!
Negative,Man Work is Hard 
Negative,"getting sick  time for some hot tea, studying, and then sleeeep"
Negative,Getting eyebrows waxed. More pain 
Negative,No phantasy star yesterday  going to work...
Negative,Oh - Just got all my MacHeist 3.0 apps - sweet. Didn't get the Espresso serial no though although they said they sent it - oh well 
Negative,Picked Mich St to win it all from the get go.  Was feeling pretty good about that pick all the way up until......tonight.  A's lost too 
Negative,is alone downstairs...working 
Negative,I feel bad for doing it 
Negative,"@RyanSeacrest is it just me, or she hates anoop. i mean seriously, she's kinda mean to him. "
Negative,@pinkserendipity yes sprint has 4g only in baltimore and chicago so far 
Negative,I'm stuck awake in the middle of the night for the second day in a row. And I felt terrible yesterday. 
Negative,Thanks for bursting my bubble 
Negative,Going to school soon... can't find anything to wear!! gosh it's so hard 
Negative,@marieclr I was serious  LOL
Negative,@naughtyhaughty I had on my page for sooooo long!!! Until it got deleted  Sad day in history
Negative,Crazy wind today = no birding  http://ff.im/1XTTi
Negative,currently at work.. 
Negative,Grrr.. my ipods acting weird too! Jai ho and thinking of you aren't playing the full songs.. ughh. 
Negative,@penndbad send me the DVD cos I have missed out on heaps  NOT happy about that!
Negative,i don't see the big deal with this website 
Negative,@machineplay I'm so sorry you're having to go through this. Again.  #therapyfail
Negative,@ColinDeMar Far too out of the way for rail.  any other tips?
Negative,I'm not still up I swear. Why do I keep losing. gaining. losing. gaining. tweeps?  So heart wrenching.
Negative,"Today I realized I am too good at hiding things, even I can't find it "
Negative,"Staying at a friends house...house sitting, neighbors are SO loud-having a party "
Negative,@dannyvegasbaby danny im upset that i wasnt here to watch the live chat  i was in a car. for 3 hours on a trip im soooo upset!!
Negative,Check out my mug  http://www.erika-obscura.blogspot.com
Negative,Borders closed at 10 
Negative,Downloading NIN's new album &quot;the slip&quot; - when the hell did this come out? I'm so behind the times these days 
Negative,Just woke up an already have written some e-mail... I've to go early at University today as I have to teach at 8:30 AM! 
Negative,is watching the hill . . .and its making me sad 
Negative,So many channels.... yet so so boring... lazy day again  may have to find a hobby
Negative,@supersport I miss my buddy  ill be in NY on the 25th
Negative,@robluketic  love the french. I tell people here in the south i'm qtr. french and they snarl at me.  french are beautiful people
Negative,Opps.. As I said.. I still got one day remain and now problem come 
Negative,"I activated my Selfcontrol block early, meaning I can't check out the new QC.  Regularizing my internal clock is might be difficult. #fb"
Negative,@HillyDoP  oH NO
Negative,spencer is not a good guy. 
Negative,"@goodlaura What about Reese dying on #TTSC? And season finale next week.  #24 boring, Madame President is a crazy woman."
Negative,"@JonathanRKnight I hate the limited letters,too.Hope you and the guys are fine?I pray for my dog,she???s not well "
Negative,didn't get shit done today ~ i'm so screwed 
Negative,wanttss to go out 
Negative,Is not going to sleep tonite. 
Negative,too worried and tired to post tonight 
Negative,couldn't get shit done today ~ i'm so screwed 
Negative,"Job Interview in Cardiff today, wish me luck! Got about 3 hours sleep "
Negative,"@stustone Your show is whack. Way worse than whack, it's wiggety-whack.    :*(:*(:*("
Negative,@DjAlizay I really don't think people choose to be that way. But I think he chose not to accept my family's help   He might be dead by now
Negative,"@eloquentembrace You're going to kill me, but I've not seen DS9. I've been waiting till I can do it in one solid week sitting. "
Negative,@cheechbud i think ur right!! hahaha!! 4.5 hrs now!! 
Negative,i hate to see the spartans so sad 
Negative,My mind and body are severely protesting this &quot;getting up&quot;  thing. Had nightmares to boot 
Negative,"@MySteezRadio I'm goin' to follow u, since u didn't  LOL  GO ANGELS!"
Negative,@mandayyy 
Negative,@twista202 I think I want to read some books but the library doesn't have them 
Negative,My nap was interrupted so many times today  Going out for Japanese with the 'rents again...
Negative,Kind of longs for the bus that shows up at the end of Ghost World right now. Ugh. 
Negative,@GuruMN but this is canada  canada is weird. we're supposed to get snow through wednesday. ugh.
Negative,Awwh babs... you look so sad underneith that shop entrance of &quot;Yesterday's Musik&quot;  O-: I like the look of the new transformer movie 
Negative,sad that the 'feet' of my macbook just fell off 
Negative,I'm gonna get up late tomorrow and it's 132am here. I gonna get tipsy by my lonesome. That's...that's just sad 
Negative,"I'm sweating my forthcoming trip to E3.  If I can't find someone to crash with while I'm out there, I may be screwed.  "
Negative,"Has now gotten somebody to read his tweets, but cant get them to make an account. "
Negative,@infinitydefines  omgawd i couldnt handle my cat being in heat all the time D: D:
Negative,@DonnieWahlberg I hope i can make it to the auburn show. but its not looking good for me 
Negative,@David_Henrie *thats people mag haha i couldnt fit it all in.. i dont think those pictures ever made it in the magazine tho!  haha
Negative,@breadandbadger Congrats!!  i totally forgot to submit photos 
Negative,"@PaulaAbdul awww, Good luck Paula!! Please don't work too hard  but I hope you have fun  Your new album is gonna be amazing!  xxx"
Negative,@imaginarypeach now your leaving me  .... -gets sad-
Negative,"I miss you twitter. My phone broke, now I'm using a stupid Nokia phone. Ughhh, I miss my advance phone. "
Negative,SHOOTING OUTSIDE MY HOUSE :O NOT KIDDING! So SCARED 
Negative,Tuesday???ll start with reflection ???n then a lecture in Stress reducing techniques. That sure might become very useful for us accompaniers 
Negative,What tragedy and disaster in the news this week 
Negative,yes yes still trying to find a picture that will upload correclty.. 
Negative,Why oh why was the Red Sox game rained out? I was so looking forward to opening day 
Negative,I still can't find my keys. 
Negative,@charlietm I know right. I dunno what is going on with twitter. 
Negative,might be getting a sore throat again 
Negative,@labelsnotlove   my home town. My mammy called all depressd.  Pls explain y a parent let their 8yr old child walk alone? Hello? Its 2009!
Negative,@ircmaxell - I think I need to find better anti-depressants.  I think this Paxil/Wellbutrin combo is losing its efficacy.  
Negative,@MyConnecticut Restaurant called WoodNTap has competitive eating tourney round tourney time. We place 2nd 
Negative,is in the bathroom... wake up lakin. 
Negative,@CaitlinOConnor i want tacos and margarhitas  telll gay i say hello&lt;3
Negative,"im lonely  keep me company! 22 female, california"
Negative,bad day at the betfair office 
Negative,I miss him.  Can't wait to celebrate the Tar Heel win this weekend though!!
Negative,I'm really cold. I don't want to go to sleep yet but there's nothing to do 
Negative,@kristencampisi is this it 4 u? Its ' officially over ' 4 me this go round! 
Negative,monkeys??? i just found out you my twin and you wont even write back.  i'm heartbroken
Negative,@miss_om Aww  I know I felt like that yesterday at work 
Negative,@SarahReedSC treaty isn't defined 
Negative,missed Brent at praise band.   No fun to not have the your lead guitarist.  &lt;pout&gt;
Negative,@jpfurry poor john  this is what happens when you play with fruit and a microwave! Seriously though HAVE you seen a doctor?? Xxx
Negative,Missing My BFF  watching home and away it reminds me of her and me  we &lt;3 It. shout out to u courts
Negative,@mandayyy   
Negative,New video card is DOA. 
Negative,"feeling lost, naked and confused (JK, sort of).....no iphone for me. "
Negative,"Damn i am so late at filling this appraisal form, people have almost sent it .. i was so occupied in work "
Negative,missed Brent at praise band.  No fun to not have your lead guitarist. &lt;pout&gt;
Negative,i think to much on the past. i cant change it. i deserved so much more then wat i got. ..but why am i still thinking about him  gah
Negative,has lost his ring. It's no-where to be seen 
Negative,"@burgaw Ooooooh! *sealclap* See, I download shitloads of zip folders off 4chan. I have no internet moneys.  FUCK YEAH ALICIA &amp; MIKEY."
Negative,Is still nursing my Nile but glad he is feeling better. I hate when my baby is sick 
Negative,Is fucked to go back to IC 
Negative,@Brandizzzle08 yoyoyo. my internet has been rude tonight. it JUST reconnected and I'm about to go to bed. 
Negative,@jemcam well i have uni stuff and netball  but after netbal if i've done uni stuff we can
Negative,@kissability Me too I is poor 
Negative,help me forget 8th april &amp; 13th july! 
Negative,"dierks bentley is comin' to columbus, OH!! i wanna go so bad "
Negative,i have to take my sidekick back. 
Negative,@chriscantore congrats! I'm totally jealous! only wish my XM was working 
Negative,gr8t my face is very itchy 
Negative,poor socks  luvvvvv the golden retriever!! I want one sighhhh
Negative,I just saw that they found that Tracy girl in a piece of luggage... How fucking terrible 
Negative,Aaaaand the nausea is back. 
Negative,@DonnieWahlberg ooh I???m excited and not even going 2 be there  long love YOUTUBE!
Negative,spent 1 hour to reach to Axis bank only to find out today is holiday for Mahavir Jayanti  contd..
Negative,@mathewsmichael  i agree... the jobros dont update theres very often 
Negative,@fishmouse it is hilarious and I linked the clip from LJ some time ago but when I went back just now it was a dead link 
Negative,@DiannePulham OOOOOOOO who with? (im not neither but thats because i need to study  )
Negative,"Haven't tweeted nearly all day  Posted my website tonight, hopefully that goes well  Night time!"
Negative,@bostongarden I miss bentley 
Negative,seriously needs to finish these job applications 
Negative,"My son Vincas is sick, so I stay at home  Just three tense days at work, and I am back on holiday with kids"
Negative,Whinging. My client&amp;boss don't understand English well. Rewrote some text unreadable. It's written by v. good writer&amp;reviewed correctly. 
Negative,@huntermoore I don't want him to ever punch me.  
Negative,sooo sick of the snow  ughh
Negative,@ITS_NEMESIS ------- 
Negative,@LoveMeagan it doesn't work your fan is upset 
Negative,I would like to apologize for the repeated Video Games Live related tweets. I am going to have a stern discussion with Koodo soon. Stern. 
Negative,@zaydia but i cant figure out how to get there / back / pay for a hotel etc 
Negative,"FML: So much for seniority, bc of technological ineptness, I now have to &quot;register&quot; for classes AGAIN "
Negative,feels like she slept the day away.    Not looking forward to any more bouts with my gallbladder.  At least I have pills now for the pain.
Negative,@ThaStevieG but what I really want is my old bass back 
Negative,Mad tired today... Callin it in early tonight  nighty night twittas
Negative,"@LevenRambin: Take it easy, and be good to you. "
Negative,I'm afraid I had bad code. 
Negative,Think I'm going to bed. Goodniight. I hate this 
Negative,"@riancurtis  i'm here, friend, and i love you."
Negative,@kariajay  All this time you didn't notice I was gone...just needed DB2 is it??
Negative,@aaronrva is in the bathroom and i have to pee!    
Negative,@ashleyskyy but I wanted a margarita too! 
Negative,@KourtneyKardash yup night workouts r the worst but unfortunetly my work schedule only allows me to go at night  its tough!
Negative,Just called Hillsong again - they said they couldn't tell me where I was on the waiting list - I don't know if it's looking so good 
Negative,"has 0g of milky bar left, and around 200ml of coke "
Negative,@jokerrrr It stillllll hasn't arrived 
Negative,"Mraow, I feel like dancing, but first art school wants to rape me some more. "
Negative,@karenucol ah! I bet it does I've been like craving to play softball or basketball !!! But I have noo time 
Negative,Is terrified she accidentally deleted a reference in her management assignment and hopes she doesnt get in trouble when she gets back 
Negative,amazon s3 plugin not worked in my website . it need PHP 5 . but my hosting provider has only PHP 4.4  . very sad.
Negative,"Argh! I was suuuper sleepy an hour ago, now I'm wide awake.  Hope I don't stay up all night. :-/"
Negative,"@austinhill I wish I was!  Sold out   If you have some time let me know, I would love to hear more about what you are up to!"
Negative,Just watched tropic thunder. Dreading tomorrow 
Negative,@qweendassah no...he's still miss'n... 
Negative,ChiefDelphi is down 
Negative,"http://twitpic.com/2y2wr - according to my bro, our new puppy had a poo fight and was covered in poop  (picture stolen from him)"
Negative,playing game at home! my new boss didn't call me yet... 
Negative,Su yin Huen tweeted I feel unbearable guilt. I made my staff cry  http://tinyurl.com/cw2l9t
Negative,Poor Joshy is sick???   those damn tejanos!
Negative,My thoughts are with Sandra Cantu's family at this difficult and sad time 
Negative,"@FranzGlaus I know, just wanted to let everybody know what was happening  "
Negative,Michigan who?  I don't know them.                   *sigh*   Shameful!
Negative,i have to fill two hours 
Negative,"@alicayaba so cuuute! hey, i miss you na!  its not the same not seeing you girls everyday "
Negative,@JonathanRKnight Oh! Did I mention it? &quot;Gooooood Moooorniiiiiiing&quot;  from Germany! Im back in my cage....or better...my office 
Negative,throat is closing up and i had some string cheese. not a good idea 
Negative,"Aww, Sandra Cantu is found dead in a suitcase  Missing children stories never seem to go good. Poor family."
Negative,wishing i was home underneath my covers 
Negative,walking home from school drains all my energy 
Negative,"@ridley1013 I agree. The shapeshifting is a copout. I was so excited for Angela's ep, I thought it was this week.  Noah was awesome tho!"
Negative,@SaveTheStrib Dang! I would have done this if I knew it was there earlier.  Any other outings planned?
Negative,I wish I was better at writing. It's taking me so long to write this paper. 
Negative,..and of course... I have access to my Halo 3 Mythic Map Pack re-download.. but bad news.. not the Legendary Map Pack... ugh.. 600MS... 
Negative,"@vene2ia ...not yet unfortunately, another few weeks I've been told  How are you? I've been a little bit busy with my latest project."
Negative,@thecoolestout Ha the sun's already gone 
Negative,day 2. a lot harder than day 1. let's see how day 3 goes tomorrow. 
Negative,My man crush Jake Peavy let me down  #gayforpeavy
Negative,"@trishzw megafast trip, you have time during day tom/weds? Or, you going out tonight? Want to see you bad. Tried to warn you, tech fail "
Negative,michigan state you make me sad 
Negative,omg. my mouth is in so much pain  i just wanna sleep untill its time to take my braces off.
Negative,getting annoyed easily today  &gt;&gt;&gt; biofuel proposal: getting annoyed easily today  &gt;&gt;&gt; biof.. http://tinyurl.com/ceprvs
Negative,@MizzChievouz Hey girl. The site is back.  Girlyvue is back and they have even more videos. 
Negative,@a5hleyf i'm spending time with my grandma early tomorrow and i can't leave skittles by herself. 
Negative,just got home from watching Michigan State get tromped!   
Negative,"Oh jew-bus! Two years worth of classes' work is ALOT to organize &gt;_&lt; i'm not finishing tonight, it's not possible...my bones ache "
Negative,"@griffmiester no exchanging for me, my laptop hasn't arrived "
Negative,@hyperbets i hope this doesn't last too long.  i feel miserable!
Negative,@rcompo RACHEL! hang outage is neccessary - i was gonna be home this wekend but dumb folk make me work   so im free F and Sat until 4...
Negative,@TheLeagueSF Not Fun &amp; Furious? The new mantra for the Bay 2 Breakers? It was getting 2 rambunctious;the city overreacted &amp; clamped down 
Negative,@amber_benson  my hubby (for some reason) thinks it's more important he has a good spot for red carpet for the Trek Movie Premiere. Sod!
Negative,"I swear no matter how long I've been getting up at 5am, it never gets any easier. Man my eyes hurts wah "
Negative,@Jeffree_Star Jeffree! How do you keep your hair one color? My PERMANENT dye fades within the week 
Negative,"@otakusecret my reaction too  whoa, didn't see that coming"
Negative,"still sick. feeling a bit better, got some new medicine.... hope I feel good after a night of sleep. ohh, and it's suppose to snow! WTF! "
Negative,"@Dangerm0use I think maybe you should get a couple more hours of sleep, hon. How productive can you be right now if ur dog tired? I worry "
Negative,@maddyVA Thanks a lot. Learned a lot of new words but didn't find what I was looking for. 
Negative,Wish I had all the XBLM downloads all on the gamertag 'Hitokyri'. This 5 gamertag thing is nonsense... and I'm tired of it 
Negative,New Testament Test at 9:30 am   
Negative,@ScoutBuck tons no hay Troll? ahhhh 
Negative,stupid movies we watched... mirrors ugggggh... stooopeeed!!! rip off! 
Negative,"http://twitpic.com/2y2yi - I love you, Buck. "
Negative,last one!!! but still not done!!! 
Negative,homework.... 
Negative,I don't understand why things get taken away. I didn't have enough time with him its unfair. I want him back!! He was like my baby 
Negative,Scratch that: du in heif (two in a half) cookies. My tum just can't take anymore shoog. Poots 
Negative,@cococourtney i was just listening to the sweets for the first time in forever! i miss them so much  can we go to chi town for visits plz?
Negative,"Geez what a busy afternoon. Meetings, emails, meetings and email and more meetings. 6pm and the day is still going! Ah its dark and "
Negative,"DANG!!! ANOTHER SPRING BREAK!!!  HOW COOL IS THAT???  TOO BAD I HAVE TO WORK ALL WEEK  OH WELL, MORE MONEY FOR A PHONE.  ttyl EVERBODY!!!"
Negative,@Sara_Kate Im afraid too  ( ur reply about uni from ages ago
Negative,feeling down 
Negative,@CarVin1 lol they are some emotional ass men!! Omg all this late night eating.. Both of us are broke 
Negative,"@nick_carter Aww Nick!! I like your hair longer, why did you cut it off?  Break. My. Heart."
Negative, wonder if Jon lost the net
Negative,Wow. The most depressing thing in the world is losing a video that you've created in a matter of seconds.  #FML
Negative,@nchokkan https://www.mycomicshop.com/search?TID=395031 But all says not in stock 
Negative,@Poohpot lmao im sorry poohpot i ate it all! 
Negative,Any chance  Softbelly (for @MTUB) isn't loud? 
Negative,Time to move my posterior  and lose some fat. My articulation are creaking so no more running  but I???m drool for some swimming
Negative,listening to nathan cry.... 
Negative,today sucked. I'm gonna die without chris and callum!  wahhh!
Negative,"STOU site not update, no info about 2/2552 exam, and open course, I must wait for mail notices and doc. um... "
Negative,@ohsbrat30...I'm sorry. I'm feeling kinda yucky myself. 5am is going to come too quick 
Negative,is in love with scrappy and is missin him already 
Negative,wants to hear @seblefebvre 's song but myspace is messing with me 
Negative,Bad news was Dad has cancer and is dying   Good news new business started and  I am now a life coach practising holistic weight management
Negative,@duchess_rebecca Man... intervention is soo sad 
Negative,HELP! I need a new boyfriend... I'm stuck in a rut 
Negative,I feel like a complete idiot. I'm the only one who doesn't get how this shit works  help me 
Negative,Saw an ad on Craigslist for a casting call for a female host on G4. I was totally psyched! But realized it was a hoax 
Negative,Pepperoni rolls in L.A.?: I called Valentino's - they said that they had sausage rolls but no pepperoni rolls  http://tinyurl.com/cec5ka
Negative,"@soillodge yes, it will be. it's only Monday "
Negative,i want the new GG episode already 
Negative,I miss watching Rocko's Modern Life. 
Negative,RIP Sandra....its so sad    how can someone do something like that??
Negative,Keeping my fingers crossed for my buddy    He is not feeling well.
Negative,Wait should I eat?? Or be skinny for vegas!! I'm hungry! 
Negative,"@Marge_Inovera I tried tweetdeck once and I hated it with a passion. Or it hated me, I'm not sure... "
Negative,"@benackerman BTW my iPhone is acting funny, dying quickly and freezing and BS.  I'm not admitting anything, just sayin "
Negative,Sitting here wondering why &quot;ED&quot; still has such a strong hold on me 
Negative,@bananaface IM SORRY I GOT YOU SICK.  lol. going to bed too. NIGHT!
Negative,"@carolrainbow no Internet at home, have to drive into Ox to use Internet because of builders! "
Negative,@Steve_Buscemi the weather in Canada is freezing 
Negative,twiggassssssss I been out of range all day  I'm back now and hopefully for good.
Negative,@danadearmond 
Negative,anyone who reads this pray for my Grandma. She's in pain 
Negative,"#3 woke up and was having an accident - &quot;It's pushing, it's pushing!&quot; he was crying because he couldn't stop from wetting his pants.  "
Negative,"Home from Franklin street, I almost jumped over a fire. Someone kicked it before I could.  Jenny lost her shoe."
Negative,@johnnybeane hey! you just changed your default. 
Negative,Finally gave in and was bored enough to start this thing. I think the 140 is going to be a problem for me tho.  its like a myspace status.
Negative,"@ellievolia If oooonly we were really so lucky, eh? And awh  Definitely too early for work."
Negative,buttload of homework! 
Negative,needs another copy of visual studio 2008 
Negative,"why to we, the only school in the world, be in this week.My school is silly  anyway... look on the bright side. When i'm off, u will be in"
Negative,omg i've an economics test. and i dont know all the things i have to know and omg im gonna fail 
Negative,"@robcthegeek Once upon a time Hundred Islands was the pride of Philippine tourism, but coral/clam/rare fish poaching did it in. Kinda sad "
Negative,"@Henkuyinepu yeah, apparently i have really bad taste "
Negative,@hummiemd I KNOW! I was really surprised since everyone recommends them on youtube.  I have to call them tomorrow and figure it all out.
Negative,Waiting at the airport for my ride while I get harassed by 2 men trying to sell me ugly hats.. Why me?!  I just want to sleep..
Negative,i left my IDs at the location and now i can not go out to bars  FUCKKKKKKKKKKKKK
Negative,@celycarmo i'm sorry I don't understand your last comment 
Negative,@OfficialRandL when is the announcement? i stayed up late last night 
Negative,"@KishoreK this is strange, illegal torrents avlbl everywhere, legal DVD not in stock  What do I do now???"
Negative,ITS NOT ENOUGH TO SAY THAT IMISS U 
Negative,This trolley has up packed in like sardines! Padre game and they REMOVE a car?! Good call MTS 
Negative,"@RandomlyNat Jeez, I was just trying to help  Haha."
Negative,@SupaMagg that happened to me saturday night. along with my glittery green lighter! 
Negative,trying to reduce the number of cigarettes in each day! 
Negative,yea it is so quiet around here cuz everyone has to work im bored to death with nobody to talk to 
Negative,gotta do my cooking assignment  its too hard
Negative,"@treesahquiche okay, about the applepears, I've talked to a few people and they've ALL had them before. No one ever told me, never "
Negative,"@jennifermf I know!  I'm a night owl by nature, hahaha Am I a time zone behind you? It's almost 1 here"
Negative,@mamasvan lol - nope! but i did have complete #camerafail 
Negative,@maxime68 @megelder But! I'm useless if I don't sleep  It's not fair! I want all the fun as well!!!
Negative,My Pookie has a UTI.  I have to be Nurse Gabbie and get him back to 100%!!! No more sodas!!!!!!!!!!!!!!
Negative,@jillianfish tweet something damn it!  and hang out with me please? 
Negative,@anistorm 
Negative,"I'm SO behind in video games, and everything for that matter. I'm yesterday's news "
Negative,"@sleep_til_noon I did, it was the only one left but I got tempted and ate it soon as I got home  I had a chocolate velvet &amp; ate d mocha"
Negative,Is stressing out because my blackberry keeps flashing a red alert status for no reason!! Its faking me out and I hate it!!! 
Negative,http://twitpic.com/2y34e - I wanna wear my Doc Martens out! Haven't worn them since December. 
Negative,When to the shoe repair shop and the guy could not find my shoes!  So I have to go back and see if he can find them in a couple days. 
Negative,@B_Barnett I did not really see that coming 
Negative,"just woke up from the most vivid, sketchy, not-cool dreams of my life. time to stare at the wall with the lights on. "
Negative,it'll take 3 days for my sister to get her passport 
Negative,@nicolerichie OH MY YES!! i miss 
Negative,Uh oh... I think I am getting sick 
Negative,Good GOD they ruined my belly button!!!  
Negative,Watching Who Framed Roger Rabbit. Makes me miss Toon Town. 
Negative,"@akianz renting.. but very cheap renting, and awesome house. We had 3 buying attempts fall through "
Negative,running nose + spinning head = not a good combination for a meeting! 
Negative,@EazyDoesIt87 NEGATIVE.. you lost my vote of confidence 
Negative,Nasty budget due and my iphone is being sent to Apple today. 
Negative,@Sofii_Noel that???s bad 
Negative,"Dammit, episode 3 of Kings won't play for some reason  stopped in the middle now won't do anything"
Negative,I'm so upset that I missed my chat and quiz online because my free internet has ceased 
Negative,can't believe it! I'm in disbelief of it all in a way really. How much can I take from people and always get hurt by others!! 
Negative,Car show season has started without me 
Negative,my throat is raw. 
Negative,@KevChoice I just don't get it. What in a persons mind could even have them on some ish like this???  My prayers are with her fam for real
Negative,@frago I hate you. I didn't need to see that. I need to call my therapist now. 
Negative,Twilight didn't come yesterday  fingers crossed for today
Negative,@NileLegania glad I was able help you feel better. I hate to see you sick  Love you!
Negative,is tireddddddd. want to sleep but i have an assignment to finish and an exam tomorrow to study for 
Negative,"You know, I was thinking... I need money "
Negative,omg..its jst teusday 
Negative,@ddlovato @David_Henrie ummmmm i cant find it. 
Negative,Just heard that they found Sandra Cantu... She was only 8 yrs old 
Negative,@corrosivecandy Ive forgotten how to snoo-snoo  I wonder if snoo-snoo and I will ever meet again...
Negative,@AmaNorris wow that last tweet made me seem like a giant sexist...sorry about that 
Negative,"My bathtub drain is fired: it haz 1 job 2 do, &amp; it iz FAIL. I got all Drano on its ass, &amp; iz STILL NOT DRAINING. I wanna shower, dangit!! "
Negative,stuck at home 
Negative,@nomadicmatt mine is 1/10  how do you get it up?
Negative,Duckling in famous children's book stolen from Boston's Public Garden - The Boston Globe http://tinyurl.com/dc2htx via @ShareThis OH NO!! 
Negative,"@Appomattox_News Thank you! However, I hate to be on the same list that includes 2 convicts.  "
Negative,"Heading to Altrincham, again! Out of hours install "
Negative,MORNING!!! Good im bloody knackered!!! Work is not for me today  HELPPP!!!! xxx
Negative,@jeffreecuntstar  I don't have a garage.  But you can park in my driveway!
Negative,@lauredhel  What happened?
Negative,"&quot;On popular music&quot; by T.W.Adorno is probably the most difficult reading ever prescribed, I'm actually struggling to continue "
Negative,"http://twitpic.com/2y36e - cant see the flowers falling  i dont have a camera, just my cellphone"
Negative,"We've been good. I'm not liking the snow right now, was getting used to the nice Spring-like weather.  How about you?"
Negative,@brian_armstrong What a pity YouTube is currently blocked in China.  I can't see the vids. 
Negative,@margaretcho what happened to your show it was the hightlight of my life 
Negative,This is the best leather sofa in the world!  It's in the office though which means I'm still here working 
Negative,Still 3 more days until my Internet gets uncapped 
Negative,"If he doesn't get better in a few days, he could have something lodged in his belly "
Negative,i Love my atekinzz so much. &amp;&amp; i soo miss her.. 
Negative,I wanna sneak into the zoo and play with the kitties 
Negative,@lolitariot oh no  hope you're not getting sick too!
Negative,@alejandralei i dont think i can cause its my cousins birthday party 
Negative,"Our sweet little man just fell asleep while waiting up for daddy and big brother to get home!  Poor baby, he missed them so much today!"
Negative,the angel is going to miss the athlete this weekend 
Negative,trust is hard 
Negative,have watched that considering today. yaknow. shawnna tomomorrow;i need my bestfriend 
Negative,Grr i want to keep reading but if i do i wont have anything left to read 
Negative,"atekinzz, where in the world are you?? "
Negative,@RumLover No! u supposed to be my date 
Negative,"pears &amp; Brie, bottle of Cabernet, and &quot;Win a Date With Tad Hamilton&quot;... oh gawwd my life flashed forward to when I'm 40 with my 75 cats "
Negative,Crap. I need more dresses too. 
Negative,@kaeeeep yeah! i know! it was horrible!!!! ugh. saddening. 
Negative,@Brodhe geez ur no fun are you 
Negative,I wanna be in a punk rock band again 
Negative,@jyesmith That's a lot of angst for a Tuesday afternoon 
Negative,I'm very glad Britney isn't crazy anymore! That was one hell of a show! Now I'm sad that it's over.  Next up...AP at Cook County!
Negative,has a huuuge headache! omg I feel like crap! 
Positive,"Off to school, having my last biology test today! :9 And after that 3 days off! EYYY thats something I can like!!!!! "
Positive,"@faintbreaths That girl from SMU???people are saying she's the scum of the earth for coming back to Singapore. Also, call a cab "
Positive,So loving the Dark Blade http://tinyurl.com/cdntky and Stealth http://tinyurl.com/6pg5aw Helicopters we got from Think Geek!! Fun!! 
Positive,"is down for another great weekend of sweet, sweet music "
Positive,@Lobato1 w00t! Takes a bit to build a network but it's fun  Like an ADD Myspace.
Positive,@Mithrandir @koolthinks goooodmorning! 
Positive,@manishkgupta hahha..not really i guess..wat to do..im still here... 
Positive,@AroundHarlem Just did 
Positive,"@woganmay well, you can't have my specific cup of coffee. but i'll give you your own cup?! "
Positive,@lushbaby420 I read yours...but I must admit your kind of evil because now I'm telling myself that it must be 420 somewhere 
Positive,just ate candy after an appointment with dentist. haha! 
Positive,"@artywah hehe??? well, 'tis my first OS trip??? I dunno what the expected protocol actually is if it happens "
Positive,@JamesMW78 they're at my blog babe. Just go back there later. 
Positive,@Exyso This town has a hundred places to choose from for food.  From taco trucks to fancy.  Welcome to Salem.  
Positive,@toddkeebs i still don't get your mullet obsession 
Positive,watching a nature movie at the geography lesson...  teachers lap top
Positive,Everyone give @frankiedelgado the best birthday  present ever! FOLLOW HIM!! Spread the word! He wans atleast 50 k followers ! Thanks 
Positive,"@justjd @bodyvisual Yeah, Anchor Steam will do it to ya, in this case  I'm just glad I get to sleep in tomorrow!"
Positive,"I just changed my picture.  It's edited at befunky.com! (The reason is, @kimbumsoo and I shared the same pic before! So I changed mine.)"
Positive,"@SFromley thx Eliot. It is a bit complicated situation, so I'll do some backups and stuff first, then I'll probably yell for help "
Positive,Going to head to bed; gotta a full day of nothing tomorrow. Nothing except making pancakes and the Greek Festival 
Positive,"#followfriday @ravikanth Very nice friend, who can gave me back to the normal world "
Positive,or the song &quot;Look&quot;! that was the one that got me into Sebastien Tellier 
Positive,@Hedgewytch why not? relax and have fun with a day off 
Positive,@RachelLock22 ooo 
Positive,I still heart #Croatians... 
Positive,Good morning 
Positive,goin 2 da beah 2moro .. good weather dont let me down 
Positive,[2 retweets] Waiting 4 Cheech n Chong show 2 begin. Lots of old hippies .  http://yfrog.com/0ax69j: HawaiiReal.. http://tinyurl.com/kpadnp
Positive,@im_riabau Do you have a copy of the Freshmen Kit we did in PDF last year? I suggest you do the same. 
Positive,loved the cs graffiti life show. awesome night. i'm really proud of myself because i didn't feel the need to hold back my feelings. 
Positive,"What a busy day! Morning, i studied Math and now im gonna study English. In this afternoon, im even must study Math. Ownnnn!!! "
Positive,@VentnorBlog morning VB beautiful day indeed 
Positive,@ChristinaGayle I was recently at a local event where @zarbees was talking about  a mom who took the medicine. just found out it was you! 
Positive,@NikkiBenz Me too. I'm gonna have new hair possibly new car and job. I'm gonna be an all new me. 
Positive,@aleshacal sounds just perfect 
Positive,feels proud he's finally worked out how to use the &quot;@&quot; command! 
Positive,"Going to Newstead Abbey today, YEY!! "
Positive,"@ea8 Fact. I would love that! LOL, let's go on a mission for supplies! We can film it for the show! Hahahaha! Let's go! Sun or Mon? "
Positive,nyunyuuu~ waiting for my rocket to comeee..... 
Positive,@xxLontexx Lol good 
Positive,Very good  sweet dreams daisy
Positive,@kumudkokal lemme guess. because you are Kumud! 
Positive,looking forward to tomorrow 
Positive,@bruwmac You're welcome. 
Positive,@twilightfairy @neverclever you've been watching too much TV. 
Positive,@Sheng07 You still awake? hehe! same here! 
Positive,@chadfu Well bust ass all week and we'll party on Saturday or Sunday.  haha.    Drinks again?
Positive,i love this picture  http://bit.ly/xNwGz
Positive,@liewcf Oh cool! You were in Beijing too? Nice! My agency is the one who did Digital PR for the campaign 
Positive,Portuguese festa is this weekend in san diego.....soooo much work to do! Anyone want to be a queen??? 
Positive,is munching on some chocolate yan yan!  *yummyyy*
Positive,@kayden_kross Thanks for the shout out. I feel special. 
Positive,I love my cute boyfriend 
Positive,@in808 hello! are you back for now? Or for good? 
Positive,@NoToriousTori cuz i went to sleep when i got home from work. i didnt have any dinner.  lol no judging 
Positive,@iamcarlah yeh i no. i was guna say that i dnt think u wuld av just a nite thing. but yeh i was with codie nyeaaah 
Positive,says happy bornday randee !!!  http://plurk.com/p/wxw1o
Positive,@JudyObscure Some of them yes  Others are for friends &amp; family or me! There is a pair  in the shop at the mo
Positive,It seems @stephenfry just endorsed myhandle.com  they're new slogan is: 'damned clever' - stephen fry
Positive,@Veronica install half life and then watch the basement matrix part of the film to see how good the machine really is 
Positive,hahaha baby you funny  chika chika yeah fake id fake id!! hahaha i love this movie.
Positive,@KimSherrell LOL thanks Miss. 
Positive,@Fionaw77 Good morning!  Yay for the Friday-ness! How are you? xxx
Positive,@TheSugarDames Thank-you! Have a great day (evening?) too! 
Positive,@winecountrydog ms. p is a little backwards. But i'm sure she'd come around with your encouragement. 
Positive,@comptonassneil thank you. 
Positive,is happy that marleysheep isnt mad at her! now i can sleep peacfully.....with the aid of drugs of course....  
Positive,"my cousin's here, staying with us. she's super adorable. "
Positive,@dirkjohnson Sad or maybe kinda beautiful? I find music to be the most powerful tool for sending my thoughts to long forgotten places... 
Positive,It was here when I joined a couple of months ago; got used to it. Trendy thing not as fun; also we fear change  ~~
Positive,@rmindler i'm doing very good too 
Positive,Heading out to see Bridget tonight. Cooking dinner and watching wolverine. With vino I hope 
Positive,@dalia_matee Yeeeah 
Positive,@arlindas sounds like a good plan 
Positive,@ianemery morning Ian. have a great day 
Positive,had sushi with @thebrandicyrus and @mandyyjirouxx  heading to sleep. HM set tomorrow!!
Positive,Three more FF  @JohnKDavies @asimchoudhury @Abbi_Davis
Positive,exploring twitter... 
Positive,@keeda @annkur @blingbang @nagadeepan @ankita_gaba Good twitters  #followfriday
Positive,@codeyman Thanks a lot! 
Positive,@hantu For lunch?  Sorry  But hey are you free Sat night?
Positive,"@chester_see hey mate, would be great to catch up! I'll be at the 6pm service on Sunday, so keep an eye out "
Positive,Going To Transfer As Soon As A Position Opens On Nine Mile  I Love My Husband!
Positive,Nice group of maroons @davekozuki @lihinggirl @alychee at Little Oven tonight  http://twitpic.com/665aa
Positive,I love my Zwinky. She's so cute. I'm so fascinated 
Positive,Yesterday we had a great baseball game  We played with floorball and some stick from a fence  (Didn't have the real bats and ball...)
Positive,He's just not that into u is coming out on dvd. 
Positive,@lelandgrant i wrote a review about the concert at mitchmusso.com.  i've repeated that a lot but i want people to read it. u impressed me 
Positive,@quarrygirl thx girlie  it's been craaaaaazy but i'm ok   missed you too! when the dust settles we must lunch...forealz!!!
Positive,@Aydsman @spoonerist @iCharlotte Did someone mention beagles?!  
Positive,@annyo84 oops i ment on ur test. 
Positive,@ktabez125 @ksatterley  check this out    http://bit.ly/gKdmC
Positive,"@officialkris yay, a real kris twitter "
Positive,@moanyboot lol you shouldve looked to see if that was available on twitter. Get a 2nd account 
Positive,"@shoelover79 no, that's the correct ratio "
Positive,"Just had a spiritual moment thinking about bacon. Can't believe how amazingly, wonderfully good God is "
Positive,@djginsberg pleasure it's a nice song! 
Positive,Yay it's Friday already.  3-day weeks rock 
Positive,Thank you guelph!  brand spankin' new merch available online soon!
Positive,@moanyboot it's good to be home   my favourite dream is where I can fly on my own.
Positive,"@EastDallasAlice You???re still up too, Alice?  *yawn*"
Positive,@thejokerface scan please? 
Positive,@Killaya lol i'll be in Pittsburgh the day before. 
Positive,Cake for my co-workers!  http://tinyurl.com/nwrfkv
Positive,@paulelgin  i already ?in there orange chicken now u talkin about dead flys i might have to stop going there.. before my name be on panda 
Positive,New version of Tweetie (1.2.1) fixes the colour of selected tweets.  Now I officially have no complaints about it. 
Positive,#followfriday @mayhemstudios one of the most #awesome #influential and #positive tweeple 
Positive,"@ramin987 Heh, lol. I got it too. "
Positive,"@jmliss good for u   Work sucks sometimes, relaxing on the couch in from of the TV rocks :-P"
Positive,"@JoeSentance Hope all is a rocking and a rolling in Joe-Ville this wonderful, sunny moaning - Population: You!! "
Positive,OW MY BUTT @anthonyawesomex hahahaha i agree!  @lukemphoto i'm def way pumped on seein ralf too 
Positive,"@TheAllergyDoc Hi Dr! Do you have any tips for pet allergies, how to alleviate them or cure even? "
Positive,"Not sure if it was a great idea to mix drinks tonight, but damn it feels good    May be singing a different song in the morning though..."
Positive,going to make fruit tarts this weekend 
Positive,@gaufre I don't drink because of Photoshop itself. I drink because of editors yammering at me to hurry up. It's a science; it takes time. 
Positive,"it's Friday, sun is shining, it's hot. One problem....I'm at work!! Living for the weekend!! "
Positive,"sorry about the angry tweets the past few days. i got upset, but i'm over it "
Positive,@oliviamunn Actually i'm glad you did that..i hope drew inhaled most of it 
Positive,@jeannicole At least  you got your priorities right haha and you think he is HOT? good grief babe look at Tom that is HOT  lol  xx
Positive,@TimNoonan  Is that your phone ringing Tim? 
Positive,@TimEssary Thats Awesome 
Positive,"@gab_iii We're awesome!  I'm trying to get both, but whichever one I don't get will be hit up on the full US tour in March/April."
Positive,@the nut  ...i have been busy getting a book published..  check http://knotsandnocrosses.com/ if u havn't already!
Positive,@timanderson i know 
Positive,@mickeyfactz that's loveeee 
Positive,"theres really good music on mtv's 2 am playlist  im going to bed, tomorrow the concert yehoww!"
Positive,@so0fly I'm glad u do otherwise I'd give ya a sip or two 
Positive,my girlfriend got laid off. We'll be unemployed together 
Positive,"@flemingsean aw, thanks "
Positive,Im going to bed I hope I get a call in the morning 
Positive,haha score woke up before the post man Oh god and its lovely !!! EVEN BETTER I will do my FF later 
Positive,showers are so much better when you can get your hair wet haha 
Positive,probando friendfeed  http://ff.im/3mv0t
Positive,Need advice on lifestyle marketing for your business and organization? You know how to reach me 
Positive,Thank you 3/6 for the birthday song in advance!  It was awesome!
Positive,checking my emails  kinda lame i know
Positive,"@m_meenaks any movie of harrison ford, i jump on to it the biggest trouble for me with blade was to think of ford as non-indiana jones "
Positive,need something to do tonight any suggestions would be good 
Positive,@ehmperor &quot;uh? rockwell ba kamo? we know it like the back of our hands&quot; nyehehe...that or lets just ask dantes. 
Positive,just statrted tweeting 
Positive,@itstayloryall i lve jesus and you too. k bye 
Positive,@KhoreoKat Sweet. Looking forward to it. 
Positive,Kelly 1  Illustrator 0    That's right.  
Positive,"@kacibrown hi,your pic and background is so pretty and cute How are u? I am so fine Peace from Germany "
Positive,"Making my morning coffee. It SO beautiful outside! Sun, sun, sun... "
Positive,@charlenewithit how do you think im responding to your tweets? Already been done gurrrl 
Positive,@PaulaFanx13 I got 2 meet Simon amanda and piers aswell.  was amazig lol. X
Positive,"@misskittymarie well being omnipresent and all, thus being everywhere, yeah he is a pretty easy target "
Positive,@BookThingo hahahahahaha! I haven't read Raymond Feist in ages! I was *listening* to Feist  &lt;3 her
Positive,"Who looks after your business calls? - Let Office Helper help, with our unique Call Handling Packages "
Positive,Congrats to all the graduates! 
Positive,@laurenparadiso MISS YOU girl! * xoxo--- Much Love!! 
Positive,Never ending  (and all now over dateline!) 'writing' project... Watch out for what you wish.. It WILLl be come true 
Positive,off to get pick up my deb dress 
Positive,"@bretfriedrich as will i, i say we go at midnight.... i know i'm going too... maybe like at 6pm the day before.. who knows.. i want one "
Positive,@Alicia_MomDot glad they made it back safe and sound 
Positive,@desih Yup that's what I do 
Positive,@PopElectricBj happy birthday B! I can't believe I was once your counselor &amp; now we're awesome friends!  have a good one lovely!
Positive,@lisabirch Thanks a lot 
Positive,@Koppite4004   I would love to sign Tevez just for the chance of seeing the faces on the Utd fans.. 
Positive,"@MyFonts Hi, my friend recorded audio of the Carter lecture and I have some (I expect crappy) photos of the slides. I'll send you a link "
Positive,"@brookehaskins thanx Brooke ,, &amp; u enjoy your curry later "
Positive,@heavenlykevinly Hello love of my life 
Positive,WOW! #MODx Revolution 2.0 Beta 1 is out.. Starting the install right now on a Windows server 
Positive,Running into one of your best friends at strathpine and then spending the next hour shopping and gossiping is the best  I love u kiddo!
Positive,"Bloody knackered this morning, wearing lovely new beautiful sandals to work today "
Positive,@kbarstereo i'd love to see it happen! man oh man just one day it'll happen 
Positive,mmmm....my vampire ....is amazing... 
Positive,and got my glasses cause my eyes were feeling a bit ick... and put warm slippperrrsss on 
Positive,I used to like you  How can you hate Def Leppard?! Or is admitting my love of hair metal and power ballads a b.. http://tinyurl.com/nhfgjq
Positive,@SomersetBob morning bob- Happy Friday 
Positive,@CathyDuhh what is it? what is it? haha just kiddin but you gotta show them to me tomorrow haha 
Positive,sitting here in my warm hoodie and thick blanket watching Scooby Doo whilst eating soup and fresh warm bread 
Positive,ahhh im less of a man now 
Positive,Good morning sunny day 
Positive,I am soo happy! But frustrated at the same time!  :]  :S. Ohh noo!!! Britney is recording her new video for Radar!!!  Sooo ExxCiiTeed!!!
Positive,It looks like my domain has been moved to new host  New whois information on it!
Positive,"If 7-11 is open 24 hrs, why do they have a lock on the door? Just a thought "
Positive,"Just back from swimming and the sun is out, going to be a good day! "
Positive,@ObrittanyHIO yay!! good for you babe!!!  double yay!!
Positive,Japanese men are cute. And Chinese. And Vietnamese. And Korean. And Indian. And Latino. And African. And Caucasian. And... Stopping now. 
Positive,I would LOVE to tan tmw 
Positive,#followfriday @sharonhayes - my honorable #awesome queen .. and absolutely stunning positive person that became my true friend 
Positive,"Should be sleeping, but is watching @nicolerichie on CNN instead "
Positive,@fashionablyl8 @tovan05 @tiano3 @rick523 @iguez hey guys i finly hav twitr &amp;i finally am able to acess it on my phn i kno its late bt im 
Positive,I used to like you  How can you hate Def Leppard?! Or is admitting my love of hair metal and power ballads a b.. http://tinyurl.com/njmeqc
Positive,"@music_business Hey, thanks for the mention! "
Positive,preparing packages for shipping today! i am my own boss! ...and also my own atchay  21 more to go...back to work
Positive,is going to vegas this weekend 
Positive,@Kikemb waiting anxiously 
Positive,@toxiclunchbox you guys are great  xox love life live free &lt;3
Positive,"Got my final grades at this school, and I'm so happy! "
Positive,"@kevindavis1914 crave...it was cool...but then again, everything is when you're drunk "
Positive,"@GothicVampireQ  Thanks deary, thats where I was for most of the night"
Positive,@jaddiamonds148 thank you for following.. nice to meet you.. 
Positive,@Jfavreau Well we got the goods (sometimes) Red Wings provide it most of the time   Thanks for reading and commenting!
Positive,"@katrinamcarter When I did it, I literally thought...&quot;I AM OLD NOW!!&quot;   "
Positive,"@Art_News Oh yes, @ninajudinbooks is a wonderful friend of mine! Hope you're following her too "
Positive,"Results came back from the holter monitor and all the other tests, nothing showing anything wrong. Ultrasound for Tabitha on the 18th "
Positive,Business will be business...  http://tinyurl.com/leepqg
Positive,"@dherrera of course Danny...totally different, everyone knows a good Malbec pairs quite well with a med to hot salsa "
Positive,@kbarstereo yess at wollongong or sydney is australia 
Positive,"@ocean Yeh, that is pretty much what I do. Guess it is the tamp, or I am not putting enough pressure on. Thanks for your help "
Positive,@DesiMatlock Wow! Impressive! I psyched about Wave.  
Positive,"big day today, J. has two concerts, one in the Tingley Museum and one at night at  the Bird's Eye ... both in Basel ... will be awesome "
Positive,"MmmMmMmmMm. today was kay ^^. &lt;3&lt;3. spend a few hours with my old friend , phong "
Positive,@BARACKOKITTY heh  thong thong thong thong thong lol
Positive,Editing pictures. 
Positive,@lovethatfabric Haha! Drinking wine at 9 o'clock in the morning? Hmm not such a good idea. But I will have some tonight. 
Positive,yey its getting a little bit cold today unlike the previous days.. 
Positive,is finished work for the day.. went so slow! now cuddled up on the couch watching 'miss congeniality' 
Positive,@JohnJCampbell I loved the blooper the other night at the start of the show!  NO SOUND - quick play the intro - NO PICTURE.... cut to ads 
Positive,"@amandanoviandhi oh iyaaa, shane west tuh mantep abis abis abis "
Positive,adium rocks my socks off - IRC and twitter now added - i like it 
Positive,@Forager dats pretty cute im getting a wii this weekend 
Positive,@pixel8ted ... and a dry vodka martini with a twist 
Positive,"@chr1st0pher I'm still up too, lol. I was playing Burnout Paradise. "
Positive,@keirynaddison I am trying this from an iPhone and so check it frequently!  Don't get the hype!  Let's catch up on skype sometime! 
Positive,@earthshrine hepimize laz?m 
Positive,libraryy. NO TEACHERS!  then home XD
Positive,TAI... ARE TOURING?! 
Positive,vincent masak cucur bawang yg sedap! 
Positive,i gave bradie my nubmer in a msg. MAYBE HE'LL TXT ME 
Positive,Blades of Glory  there's nothing like nuns on skates 
Positive,@jessicabrookes thx for the feedback.  we're working hard to suck less.  
Positive,@x__cindy why is that?  haha.
Positive,@thawrite1 good now u can get back to bein all u can be 
Positive,Friday times!  7 days till i turn 21 
Positive,SALLY - lozjpg: of course ???whitney???s mum??? is bringing us back!  http://tumblr.com/xyp1way3h
Positive,awww R.I.P Christian Lacroix's fashion company.. had to file for bankruptcy.. on half plus side...everythings on sale 
Positive,@KelseyleeDotCom KELS WHATS UP???  hope things are great!
Positive,"It's welcome back Anna night, welcome back from your Africa holiday Anna "
Positive,#thingsmummysaid I'll give you something to cry about 
Positive,@ocicat_bengals I love the new icon sis 
Positive,Good Morning Everyone! My great mood from yesterday has continued into today   it's so warm this morning as well     
Positive,@Ed__Baily well i know ive said that lie. lol 
Positive,Sleepy... Getting up early tomorrow to hangout with somebody.  Funnn
Positive,"@calvinharris hey calvin harris, can you do a shout out to me, the names olivia natasha pleaase  thanks!"
Positive,@revashion hi 
Positive,Too relaxed for the day that lies ahead. Should be in the office but decided i am owed a later start on my last day for almost 3 weeks 
Positive,Hmm that wasn't so bad 
Positive,Finally listening to TBS' single. 
Positive,#followfriday @madysondesigns for awesome tips about design and development.. sweet/geeky/great eyes  and an awesome  friend too 
Positive,"TGV, week-end ??? Toulouse "
Positive,Pumped for Ottawa Monday till Thursday! Can't wait to see everyone 
Positive,good morning twitterland 
Positive,"@GrantSalvona Anyway, desktop OSes are so 90s  Inside 10 years it'll be all about the browser."
Positive,@TaylorEcstasy hahaha yesss i set it as my desktop hehe D awhh. but make me one with my neww pictures hehe  i love youuu 
Positive,Sitting in the rain but this time happy cos we're in the awesome Daintree rainforest and the suns been shining all day anyway 
Positive,"@purpleweb awesome, love the new avatar. "
Positive,@mhoyt77 I am keeping out of trouble at any rate 
Positive,@kisacake Really? I thought there were hot in a very relaxed way. 
Positive,"@dk: Go for an event, (in big print) bloggers get AngPao of $50. How nice! -_-&quot; $100 and we'll do your laundry too!  - Nice right?!"
Positive,i just got my text  time to reply and get my kick ass sway sway baby ringtone. yeah im that shallow haha
Positive,Ahh finally friday. Supernice weather and party tonight!! 
Positive,@j_az that'll certainly get it done!  go for it...that's what i wrote it for.  
Positive,Just survived near death at another bachelor party...  
Positive,@TiaEmo yep. Pretty much. 
Positive,@she_shines92 you can pick me up too ... I wanna go ... Lol 
Positive,looks like it's gonna be a hot one this afternoon... glad I'm not working! 
Positive,@JemDevenish I emailed yooh 
Positive,Black Eyed Peas'(Meet me Halfway)and JLS'(Back Again)new songs are so addicting! Can't stop. Off to play the Hendersons Boys Game 
Positive,Updated my flickr ..... http://www.flickr.com/photos/gurkeeratsingh/ 
Positive,@croshane I remember all of our beer pong LOST parties!  those were so much fun!!!!  #morebonding 
Positive,So you think you can dance season 6 im voting for nathan 
Positive,"sitting outside alexs lesson eating soy chocolate, sun-dried tomatos and drinking Ice tea lemon "
Positive,@EnmanuelMC FUCK YO MUTHA! My piano playing was amazing. 
Positive,"@LittleLee  yes, i did fall asleep,,,again! Lols hmm excuses excuses! I bet you can't dance fo shizz :p"
Positive,"@jun6lee uff tough q! I love every scene but esp the 1/2 h, the climax, Haule Haule, the credits...and Raj when he's Suri &amp; vice versa "
Positive,@CruciFire Yeah bro. Just kidding 
Positive,learning to play guitar!!!!! fun. but i still suck 
Positive,"@babalaba252 Sorry it took so long to follow you, I had to make a twitter account first but here I am "
Positive,"#3breakupwords fuck you, babe "
Positive,excited for tonight...ron stoppable all the way! 
Positive,is at work. Later I'm off to a good friends hen night. looking forward to a great party 
Positive,@THEsaragilbert isn't that a sign of age? standing at a gig is historical 
Positive,"@Jessicaleighb yeah exactly..and the weather is eh for swimming too. even though from your pictures, it looks like you lucked out "
Positive,"@AnikaWS im great, summer party season is on its way  plus we are melting down here!"
Positive,@lancearmstrong Yes....good news 
Positive,And Queen Bitch is the second Greatest  #BowieROCKS ? http://blip.fm/~78sqs
Positive,@xbrookecorex I DO like the coconut flakes...very scrubby 
Positive,@BenjiBC No worries - Tweet you later. Off to the movies...if JR's not coughing his guts up still  *hugs*
Positive,@kinghurrikayne no ray. u dont have to go alone. 
Positive,Goodnight Twitter...thanks for listenin' to me and my crazy stories.  I'm sure there will be more for tomorrow 
Positive,@Brujo2 No I haven't seen the movie yet. Mayb today...I will not miss Terminator Salvation... 
Positive,"working late tonight, some of our followers will be receiving samples very soon. stay tuned. "
Positive,@Lv2Lift I will definitely do that for you!!!  They will miss you and I know I will miss my CaliGirl!
Positive,@ellaxceleste....now i understand why the hell twitter took over the world...its CRACKNESS and yes im using ya word @therealgbaby 
Positive,is going to have breakfast. ill tweet back in a few! 
Positive,@astynes You must get the original! 
Positive,@Swedish_em I hope the day goes well  and you have a amazing graduation
Positive,I'm really happy I don't have friends named Cameron S 
Positive,@FuCk_LoVe323  heyyyyyy!!! 
Positive,A few people asked about the next FLOSSing with Bacon on FLOSSWeekly: it will happen on Wed 3rd May (next week). Should be fun. 
Positive,@finafedora keep voting! http://www.mix.fm/music/freeflow@5 tune in later at 5 with Sham. he's around now doing his prep 
Positive,"@im_riabau I choose the red Ferrari. But pay attention to the details, the logo is not resized properly. "
Positive,is awake. the sun is shining above munich 
Positive,"@shaki_sm Oh I'm not ill, just couldn't be bothered but I'm up and raring-ish to go! "
Positive,"@wiesel Yeh, good for IBM, good for the students, and good for Monash. Ha, no just part of my day job "
Positive,@BeKultured I try my best. Sometimes with success ... somtimes not. But keeping all the time the sunny side up  Have a nice weekend.
Positive,What's more it's Friday &amp; i'm finishing work early at 2.30 so i get to enjoy the sun  
Positive,Is AWAKE! 
Positive,There is friday in the air 
Positive,@shaundiviney haha  ur so cool
Positive,"@mrsduston I like the picture, Jen!  Only a few more weeks..."
Positive,"I was approved for my transfer for work. Its offcial, ill be moving and starting my life over in two weeks. T-town here I come!!! "
Positive,"@Sarah726 Boring hell, you made me laugh (and that's hard to do this late at night)!    Thanks for the chat tonight.  "
Positive,Going to sleep with her on my mind  God is Working his blessing already.... Im all Goode
Positive,Laying in  my comfy  bed (in the nude)  next to my beautiful pregnant girlfriend   touching her tummy   
Positive,What's the word I'm looking for? Smitten. 
Positive,"Ok, first of all I am totally in favor of man dates, mark if you need to meet people, man dates can get you extremely well connected "
Positive,"@anz_rocks19 Its been okay... Just felt tired. Friday is here and i???m so glad. Ready for a great weekend, Ang? "
Positive,"oooh, missed a few replies last night, on account of falling asleep, will try and catch up now "
Positive,@KICKFLIPTHIS well dude thats good yo you know? somehow i know this is all gonna work out for the best for you 
Positive,@therealgbaby no not really...no one tells owls they can't be awake at 4 in the morning 
Positive,"is happy the sun's out here in Stoke-on-trent. Aaaah blue skies, very pleased "
Positive,prodigy still rocks after all these years. the show was amazing as usual brings back memories 
Positive,@freshoil I'M on phone has been cutting in and out. Not good reception where I'm staying. Home in a few hours 
Positive,"@tchelseat I'm with you, sister..15 minutes to go....tweeting while i wait for the good man at home to bring the curry back! "
Positive,"Futanari Liquor: poop, all that hustling and I forgot I can't buy a mall store until level 9 "
Positive,@laceefranks I love u too mama!!! Still here too so looks like we're both gonna have a long night :-p ahhhhhh! Lovin it tho 
Positive,Drooling at hand-made laptop bags &amp; other cute stuff (it's local and it's awesome ) Thx @kinsky &amp; @missrawis  http://tinyurl.com/mmwxhn
Positive,Goodbyes are not forever. Goodbyes are not the end. They simply mean I'll miss you Until we tweet again ! 
Positive,@STEG343 OMG How fun! Especially to do with at great-grandparent!!! You GO FOR IT! No reason not to enjoy!!!  You ROCK!!!
Positive,@BennyDIAR http://artpad.art.com/?kke9... - ch ch check it outtt this is what i think of when i see your s/n. Animal friiiies! 
Positive,@IainHolder If Bing really is Bing Is Not Google then is this more proof that Micrososft are embracing the Unix philosophy at all levels? 
Positive,my ipod and listen to some taylor swift now  yup yup then i will feel much better...lol...text it 903 374 1215...sweet dreams
Positive,@J2thaESSICA yeah like across da top J2THAESSICA in like some funky script with the H as um boombox n music notes  pimp! Lol
Positive,You may not reply to me! But i supported you on my bloq! www.expressitbritt.blogspot.com -- hope you like it!  yur dope! @MAESTROKNOWS
Positive,@CUNTMAFIA  your beautiful self
Positive,me baaack with my blog! 
Positive,@Fathom8  watcha gonna teach me?
Positive,@harry_jerry exams over not twiter 
Positive,!@#$%^&amp;* should go crawl under a rock... and stay there 
Positive,"@TMobile_Chris Yeah I see the sig from it. I was using twidroid, but phone is on USB right now charging, using web "
Positive,"@Neo_drone I'm in Florida, and can't sleep, but thanks.  You too."
Positive,"@ vdsudeep  is looking for more blog posts on  http://bit.ly/fUDff  Mahalo, Sudeep should be up Friday  Aloha~"
Positive,"@mfokp Thanks so much!  I appreciate that a lot.  There was a lot of mucking around, but it came together rather nicely, it seems.  "
Positive,Just saw 12:01AM showing of #Pixar 's #Up in 3D!  It was amazing!  Beautiful animation and a great story.  Go see it!  Time for bed now 
Positive,@marjokris09 no im not a fan of cobra starship but the name seems familiar though 
Positive,@magic899 Touch My Hand by David Archuleta and Paranoid by Jonas Brothers please. 
Positive,@TEAMTaiwo  there's about 9. How's tfl doing this morning?
Positive,@stevenabors forever the sickest kids. Definately my favorite band. 
Positive,i think ima have a shower than have a nap and see how long i can stay up watching movies tonight  this week has gone so fast....
Positive,http://twitpic.com/665gx - coco baby sleeping... so cute. 
Positive,"&quot;That Acid Track&quot; by Lexicon Avenue-The Therapy Sessions, Vol. 3 Disc 2- Composed by:Alexander Armstrong/Chris Scott/Scott Bradford-2006 "
Positive,What an amazing day summer is hopefully on its way 
Positive,@itstayloryall that's cute 
Positive,Woke up to a load of tweets from @30secondstomars including an announcement for tomorrow! Oooo exciting!! 
Positive,Green tea + oreo = tea time 
Positive,is extremely excited with the concept of WAVE from google! The future is all about mash-ups!  (More details here: wave.google.com )
Positive,@britneyspears can't wait for your new radar video 
Positive,@TheEllenShow So is this a new workout program? Like Richard Simmon's &quot;sweatin to the oldies&quot;?...Ellen's &quot;haulin' trash fat thrash??&quot;  
Positive,@sulphuroxide yeah the merlot of that was right across. but i got the last syrah of it   
Positive,Is a blonde once again. 
Positive,search seek and destroy... bug 
Positive,@Jinxie_G I still dig that kiss scene..  @clancy_d has style  
Positive,@xolotl More like refactoring! 
Positive,@cloverdash It IS very summery this morning!  Probably contributed to my better mood 
Positive,@_Leva_ Just think of all the ice cream you will HAVE to eat when you have your tonsils done. Start planning your flavours and toppings 
Positive,@PandaMayhem awesome I really appreciate it. 
Positive,"@nabeelshaikh never nudes, i wish! it's on hegemony (so it sucks), and i'm writing about GM and take your daughter to work day "
Positive,@tommcfly I hope you choose to write songs  that would just mean more amazing hit. Thank you for making the best music 
Positive,Morning twitter about to get in the shower! Drama rehearsal again at 10 but we have the weekend off them so i can actually have a lie in 
Positive,@ironikfans thanks for the follow  x
Positive,I love that you hate me 
Positive,@marie__p Seriously - I could probably spend my day just reading your #3wordsaftersex - it is hilarious  LOL
Positive,@caldjr thank you... and of course not. 
Positive,"Need to be asleep, but I'm watching Lionel &amp; @nicolerichie on Larry King "
Positive,morning everyone 
Positive,cleaning my ears with a q-tip makes me think I'm massaging my brain. 
Positive,@asianpenmaster Mia! what's your ym? 
Positive,Leave Out All The Rest - Linkin Park. Twilight credits. Utterly ridiculous movie...But I still love it. 
Positive,"off to get dinner, twitter from mobile "
Positive,@DissidentFury   It's after midnight. I canna be bothered with Photoshopping the dark circles.
Positive,"@larkinguitar welcome on twitter, Brian! "
Positive,"@AnditisLiz Omg!!! Lol.   Strawberry Daiquiri from bath n body works Is the best, smells sooo yummy! !  (Haven't tried it tho, lol  ) "
Positive,i love u short stack!! 
Positive,@syn_zero Thanks for the link.    It looks like interesting furniture in that the sides fold up separately.  Did you decide to go for it?
Positive,Last one for the night LADIES http://bit.ly/CJaxu  The Delfonics - La La Means I Love You .. Music from Michael 
Positive,"@sarahbrier Indeed I do.. I'll try give you a copy  SHOULD PAY ATTENTION NEXT TIME, muhahahahah lol"
Positive,@joanne7964 Muslim would work for a few of the things I want it for...its not quite the same but very close. Thanks 
Positive,@ddlovato that's super cool cant wait to hear Here we go again  and see the video
Positive,I'm sooooo glad I don't have to go to work in the morning! 
Positive,Happy Friday  not quite as happy as could be as at work on Sunday morning. But otherwise... Yay!!
Positive,@sdrb You know it makes sense 
Positive,I love shopping @ Bristol Farms 
Positive,@ItsMarcusMan aww 
Positive,i miss my twitter 
Positive,@NikkiBenz thank you so much but i apologize for lying - i did have brains until lichelle fucked them out earlier 
Positive,"@bryanbennett Bet on the Final, Get ???25 cashback if your bet loses  http://tinyurl.com/qhoq8j"
Positive,"@michelledodd hehe shanks, i'll pass them on "
Positive,@wineweek @MastermindTB I hav to thank my bro for introducing them to me  Thanks guys.
Positive,#followfriday @muttleylax a great dude .. oh yeah he lives in hollywood .. great friend of mine 
Positive,@Mxstr Congratssssss! have a nice day n nite 
Positive,its after 2am and I am still up downloading #otalia clips...how crazy am I???  
Positive,@elperurican Tan pronto? Wow your vacation flew by so quickly. Thanks for all the pics  I could almost smell the ocean and empanadas!
Positive,we caught a pet ant!!! 
Positive,@kawa0117 Looks interesting; wish I could attend. 
Positive,"@anyidiot   ~~ I really don't know, I haven't been there in ages, my kids are both in college~But if they do, you will look COOL in one "
Positive,@Dutchrudder Happy Birthday to Hemi! From @xiape &amp; @mslibbyj. We hope she has a great 1st &amp; that you all enjoy it. Take tons of pics. 
Positive,@sophiestication Congrats - bought Groceries after DFB sponsorship. V nice app. 
Positive,"@theotamsmusic So dude, really, when are you in Edmonton for the promo tour :p I want to come support ya "
Positive,@pursebuzz Kinda excited for naked honey...I like the neutral browns from mac the best 
Positive,is looking forward to a wicked parteee tonight! Might even get a bit drunk  Lets get this!!
Positive,@fadilnet -- Hmm. I remember trying to predict like that... but they mix those finger shots up on purpose...  #apprentice
Positive,"@DHughesy Give it to someone more deserving, since I've already got a ticket. Unless you can't find someone, then I'll sit with you. "
Positive,"Watching Terminator Salvation tonight. Half of twitter says it sucks, so keeping expectations low "
Positive,been SUPER BUSY! but since its passed 12:00 am FOLLOW FRIDAY! follow US!  nite tweet ppl
Positive,@sospokesaroj I'm not into the entire shaadi.com thing. I'm content with how things are today. Plus a lady wud rob my Twitter time. 
Positive,@bubble_gum_xox Thank you! 
Positive,As fars radios concerned I think I did consideribly better this time!  whtsay @harisn n no I didn't say liberal @ammaryasir
Positive,@pndsimpson My take on when you should worry about your bike wheel being loose: When it comes out 
Positive,CAW - Cold And Wet  Nice day for coffee and a nice bed 
Positive,going to read my twilight book that i got 30% off at walmart 
Positive,@CherryBear get outta bed sleepy head 
Positive,@madonnamike You did?! Thanks!  I got a lot of tweets to go thru that I missed while at work. N I'll b ur ho netime. ;) LOL
Positive,#followfriday @kiwiwi @anabell39 @twittfisch @angryyoungman2 @jane_doe_german @uinnberlin @germanytoday ...&amp; last but not least: @cc30 
Positive,hangin' with jon  what's going on tomorrow?
Positive,@SummerXoxo Ah yes. And I have graduation practice. Alrighty.  good luck to you as well. Goodnight.
Positive,I have insomnia.. So i am watching Chelsea Lately 
Positive,@kpfaulkner thanks for the reminder 
Positive,@amber_benson Just ordered you're book....looking forward to reading it 
Positive,The Godfather Trilogy - Movie Review is now on #coolshite (http://bit.ly/L0DiF). Remember to comment on the blog 
Positive,"@Viennah A nice jewelery box would've been a good idea!  I got her body wash etc, generic, but will do jewelery box next time "
Positive,@ElkeTheStallion I check my babies too.. watter . make sure the girls have prop. php 1000 watt bulbs and check for spider mites 
Positive,"@RabieMedia be more specific, and I promise to tell you whatever you like "
Positive,so i got 3 hours of sleeep. off to see taylorrrr in the cityy. 
Positive,@DaddyD  just a reference to the &quot;yawn&quot; part of your 'twitter crash course'  &amp;yawning myself because coffee doesn't seem to help today.
Positive,"@DTM880 When is the next BBQ, D? Want us to be on the receiving end of your Thermapen try-out?  @wuwujohn I love Hulu desktop too!!! "
Positive,"@aplusk Why do we say &quot;cheers&quot;? Ok, this one I know "
Positive,We reached our 7000 unique users goal yesterday - thanks to all you fabulous tweeps for visiting - Next month 8000  Thank YOU!!!
Positive,YOu are all so helpful  I knew I would get some suggestions from you!
Positive,"@Rachelrainybow aww, i just had salad.  im trying to be healthy.. sorta..  so how's life rach?"
Positive,@s7ev I always kena mistaken for Malaysian by the local Malays. 
Positive,@ScottSharman there must be something in the air. I feel today will be good too 
Positive,"Still in harlow, training someone up "
Positive,@BrittanyBmblBee we will have a grease day! And we'll make our pibk ladies jackets that day too 
Positive,"Still in harlow, training someone up "
Positive,@dirt_nasty  i just saw a tombstone that said regalia &amp; thought of u 
Positive,@sharfarhanah HI SHARZ 
Positive,@lea_h good luck 
Positive,@hazelhottie ..you are soo cool hazel!  i love RX!! i stay up all night just to haer your hot laugh. 
Positive,my inbox holds about 250 messages or so 
Positive,#followfriday @DianaKhalil for awesome web development and social media links  she is a great person to know and treasure 
Positive,@DrJennifer @Carelea @EMarketingGuru @nashayj @rovideoblog @vegtv @ruhanirabin #FollowFriday Love to you all!! 
Positive,@aarlof I'm a designer so I agree that Id like my stuff to look good. Without bad design though how do we appreciate good design? 
Positive,"It's a great windy day outside my house, wishing to sleep all day... "
Positive,On my way to work. On my own today 
Positive,Time to study reptilian behavior closely  http://bit.ly/r0IP9
Positive,"Cinematic Orchestra, quite the finding. Thank you Sunka "
Positive,@Georgiejl did you see it? did you see it? I LOVE IT!!!!! especially near the end when nick is in the car... 
Positive,"@Azizco910 yeah, I saw what you douches were doing xD don't worry, I'd do the same, but w/ random donations to everybody else "
Positive,"AWESOME YouTube challenge  First watch http://is.gd/IOBC and then http://is.gd/IOF8 Nice, guys, love it "
Positive,Yesterdays experiment: 30+ people clicked on my trending topic (google wave/io) spam link - plus 5 unfollowers  http://bit.ly/kT4Xp+
Positive,i'm not complaining 
Positive,Woody says I have a magic smile 
Positive,well I'll put my earplugs in....if you don't hear from me in a half hour then I'm dreaming sweet dreams 
Positive,Is at school with Marthe  &lt;3 marketing !
Positive,is going to have some Coco Pops 
Positive,@SherriEShepherd U think U strained a muscle? Try not starting 2 quickly or overdoing it. If not you'll burn out quickly. Good luck girl! 
Positive,i'm going to sleep now 
Positive,@DaniWright I had a gig in hollywood tonight and just got in.....but I will be doin some serious sleeping in  What time are we leaving?
Positive,"going out soon, im excited i look good i must say  i must look good..."
Positive,@estheryates but they have to learn sometime. Will it make you feel better if I bring my 3 year old? 
Positive,Well everyone I am off to bed. I have to get up early. To all my new followers welcome and I look forward to twitting with u. Goodnight 
Positive,But #followfriday @saragarth as her tweets are like Tic Tacs: Refreshing Little Lifts.  x
Positive,@dashdave lmao i really love that shirt in your picture and i definitely need to invest in one for myself 
Positive,"@MsSouthTrinidad aww,Maria!! you're such a sweetheart!! thank u!!  xoxo"
Positive,Hello Sunshine !! 
Positive,God third in class. Holidays has officially started. GOING TO PLAY THEME hospital now. BEST GAME EVER. 
Positive,Enjoying the Tonight Show with Jay Leno. Then time for Jimmy Fallon and some sleep.  It was actually a rather good day. 
Positive,@SeaFM  AWWW U meanie!!! Tho Could ya??? PLEASE!!!!!!!!!! They r coming this AUgust!! 
Positive,I think I'll just take a cab. Since I'. fluent in Chinese now I'm sure there'll be no problem getting where I want to go 
Positive,"@shaundiviney you, shallow, never,  haha. got mine too, cuz im THAT cool."
Positive,@imde owh.. haha.. thats pretty clever.. luck u.. 
Positive,@twitter love? your website 
Positive,@chalanpago Got it!  Good job.  
Positive,@cheninboutwell  when will you see your GIRLS?  I think it's time for lunch again soon 
Positive,Morning guys n gals... So glad the suns back?! Enjoy your days 
Positive,@thedirtyblonde I bet it was... 
Positive,"@DanOwsen Your spellbook contains Read Magic, Sleep, and Light, and you have (and I know this will come as a shock) 2 hit points "
Positive,"Up and about. Going by my old school today. The 9th graders have to make a show today, and my friends brother is in it "
Positive,"h???nh nh? v??? fim hay n???n m???nh th?y m???n b???ng b?u d?c c?ng hay hay,  Well, Gridiron Gang is really a good movie "
Positive,@shortstackband text me 
Positive,@keeda Thanks a lot  for reco
Positive,#goodnight #twitter world. i #love you all. 
Positive,@grentone Thanks sweetie!.......  
Positive,@senakhoda PLEASE tell me we'll se that vid 
Positive,@freedom1stman love that quote 
Positive,"http://ping.fm/p/Gk72N - Good morning, it's a beautiful day! "
Positive,@justin_roe it shouldn't be too difficult. 
Positive,"@feblub hey, you promised to pimp me on followfriday, remember? "
Positive,"@tracitoguchi yes indeed, cloud 9 it is "
Positive,"@LiLi214 Shid, now a nigga Skeeerrrd 2 call u hell!!! "
Positive,"@afromusing Thanks, glad you enjoyed it "
Positive,Had a nice bike ride around the river ... Now out for Mexican yummmo.. EO EO EO counting down June2 
Positive,@Puppetguy aha! caravan houses are wonderful because the views from the windows change as you go  Who's peculiar bird? 
Positive,Morning! It's a great sunny day in Edinburgh!! Nice!!!!! 
